Workbook
Name ReadyModelList: 'Ready Models'!$A$8:$A$107

Sheet Barn - Back Rack
A1: READY EQUIPMENT LOG — BARN · BACK RACK (everything on these racks is READY TO USE)
A2: LOCATION: BARN. HOW TO USE: Each rack COLUMN below is one pallet (B–Q = 16 pallets). Two pallets side by side = 1 SECTION (8 sections total). Each section is 4 levels high and each slot holds ~12 pieces, so every level gives you 12 numbered lines per pallet. Type the Model in the Model column and the unit Serial beside it. To flag a customer-owned unit, put the customer in parentheses after the model — e.g. Bunn ITCB (Coco’s). The unit still counts toward the model total, and the customer is picked up automatically on the Ready Models tab. ORANGE = Catering pallets (B–E). PURPLE = Dispenser bay, Section S3 (pallets F & G) on all four levels — dispensers are ACCESSORIES logged by QTY, tracked as their own KPI.
A3: LIVE COUNTS — updates as you add or remove equipment
A4: EQUIPMENT READY (excl. dispensers) | C4: EQUIPMENT CAPACITY | E4: OPEN SLOTS | G4: RACK FILL % | I4: CATERING AREA UNITS (B–E) | K4: DISPENSER UNITS (accessories, by qty) | M4: DISPENSER LINES USED (of 96) | O4: DISTINCT MODELS READY (all racks)
A5: =SUM(B25:AG25,B42:AG42,B59:AG59,B76:AG76)-SUM(J25,L25,J42,L42,J59,L59,J76,L76)-SUM(K25,M25,K42,M42,K59,M59,K76,M76) -> 143 | C5: 672 | E5: =MAX(0,C5-A5) -> 529 | G5: =IF(C5=0,0,A5/C5) -> 0.21279762 | I5: =SUM(B25:I25,B42:I42,B59:I59,B76:I76) -> 2 | K5: =SUM(K25,M25,K42,M42,K59,M59,K76,M76) -> 146 | M5: =SUM(J25,L25,J42,L42,J59,L59,J76,L76) -> 11 | O5: =SUMPRODUCT(('Ready Models'!$A$8:$A$157<>"")*('Ready Models'!$K$8:$K$157>0)) -> 86
A7: LEGEND: ORANGE header/tint = CATERING pallets (B–E) PURPLE header/tint = DISPENSER bay (Section S3, pallets F & G, all 4 levels — accessories, logged by Qty, separate KPI) BLUE header = general equipment A filled Model cell turns GREEN = that unit is Ready to Use A PINK serial cell = serial missing, or digits lost before the fix (hover for the note) Slot ID = Pallet + Level, e.g. "H-L3".
A10: LEVEL 4 — TOP (16 pallets · 8 sections · 12 lines per slot)
A11: SECTION → | B11: S1 · PALLET B · L4 (CATERING) | D11: S1 · PALLET C · L4 (CATERING) | F11: S2 · PALLET D · L4 (CATERING) | H11: S2 · PALLET E · L4 (CATERING) | J11: S3 · PALLET F · L4 (DISPENSERS) | L11: S3 · PALLET G · L4 (DISPENSERS) | N11: S4 · PALLET H · L4 | P11: S4 · PALLET I · L4 | R11: S5 · PALLET J · L4 | T11: S5 · PALLET K · L4 | V11: S6 · PALLET L · L4 | X11: S6 · PALLET M · L4 | Z11: S7 · PALLET N · L4 | AB11: S7 · PALLET O · L4 | AD11: S8 · PALLET P · L4 | AF11: S8 · PALLET Q · L4
A12: LINE # | B12: Equipment Model | C12: Serial # | D12: Equipment Model | E12: Serial # | F12: Equipment Model | G12: Serial # | H12: Equipment Model | I12: Serial # | J12: Dispenser / Accessory | K12: Qty | L12: Dispenser / Accessory | M12: Qty | N12: Equipment Model | O12: Serial # | P12: Equipment Model | Q12: Serial # | R12: Equipment Model | S12: Serial # | T12: Equipment Model | U12: Serial # | V12: Equipment Model | W12: Serial # | X12: Equipment Model | Y12: Serial # | Z12: Equipment Model | AA12: Serial # | AB12: Equipment Model | AC12: Serial # | AD12: Equipment Model | AE12: Serial # | AF12: Equipment Model | AG12: Serial # | AI12: LEVEL TOTAL (equipment)
A13: 1 | L13: Bunn TDO5 | M13: 3 | P13: Eversys Cameo c'2m | Q13: 0183330226105C0012 | R13: Bunn G9-2T | S13: G951020201 | Z13: Bunn CWTF-APS Twin | AA13: N/A | AD13: Fetco 51H | AE13: 2996502A | AF13: Fetco MBS-1221
A14: 2 | L14: Bunn TDO4 | M14: 6 | P14: Eversys c'Fridge Beside | Q14: 0107460025057C0021 | R14: Bunn G9-2T | S14: G900064646 | Z14: Bunn CWTF-APS Twin | AA14: N/A | AD14: Fetco 51H | AE14: 3158401 | AF14: Fetco MBS-1221
A15: 3 | L15: Bunn TDO3.5LP | M15: 1 | R15: Bunn G9-2T | S15: N/A | Z15: Bunn CWTF-TC Twin | AA15: TWIN063686 | AD15: Fetco 51H | AE15: 6948299 | AF15: Fetco MBS-1221
A16: 4 | R16: Bunn G9-2T | S16: N/A | Z16: Bunn CWTF-TC Twin | AA16: TWIN063695 | AD16: Fetco 51H | AE16: 07955803A | AF16: Fetco MBS-1221
A17: 5 | R17: Bunn G9-2T | S17: G900047807 | AD17: Fetco 51H | AE17: 20250416 | AF17: Fetco MBS-1221
A18: 6 | R18: Bunn G9-2T | S18: G900032562 | AD18: Fetco 51H | AE18: 11365402A | AF18: Fetco MBS-1221
A19: 7 | R19: Bunn G9-2T | S19: G900005989
A20: 8 | R20: Bunn G9-2T | S20: G900046418
A21: 9 | R21: Bunn G9-2T | S21: G900040890
A22: 10 | R22: Bunn G9-2T | S22: N/A
A23: 11
A24: 12
A25: IN SLOT → | B25: =COUNTA(B13:B24) -> 0 | C25: / 12 | D25: =COUNTA(D13:D24) -> 0 | E25: / 12 | F25: =COUNTA(F13:F24) -> 0 | G25: / 12 | H25: =COUNTA(H13:H24) -> 0 | I25: / 12 | J25: =COUNTA(J13:J24) -> 0 | K25: =SUM(K13:K24) -> 0 | L25: =COUNTA(L13:L24) -> 3 | M25: =SUM(M13:M24) -> 10 | N25: =COUNTA(N13:N24) -> 0 | O25: / 12 | P25: =COUNTA(P13:P24) -> 2 | Q25: / 12 | R25: =COUNTA(R13:R24) -> 10 | S25: / 12 | T25: =COUNTA(T13:T24) -> 0 | U25: / 12 | V25: =COUNTA(V13:V24) -> 0 | W25: / 12 | X25: =COUNTA(X13:X24) -> 0 | Y25: / 12 | Z25: =COUNTA(Z13:Z24) -> 4 | AA25: / 12 | AB25: =COUNTA(AB13:AB24) -> 0 | AC25: / 12 | AD25: =COUNTA(AD13:AD24) -> 6 | AE25: / 12 | AF25: =COUNTA(AF13:AF24) -> 6 | AG25: / 12 | AI25: =SUM(B25:AG25)-SUM(J25,L25,K25,M25) -> 28
A27: LEVEL 3 (16 pallets · 8 sections · 12 lines per slot)
A28: SECTION → | B28: S1 · PALLET B · L3 (CATERING) | D28: S1 · PALLET C · L3 (CATERING) | F28: S2 · PALLET D · L3 (CATERING) | H28: S2 · PALLET E · L3 (CATERING) | J28: S3 · PALLET F · L3 (DISPENSERS) | L28: S3 · PALLET G · L3 (DISPENSERS) | N28: S4 · PALLET H · L3 | P28: S4 · PALLET I · L3 | R28: S5 · PALLET J · L3 | T28: S5 · PALLET K · L3 | V28: S6 · PALLET L · L3 | X28: S6 · PALLET M · L3 | Z28: S7 · PALLET N · L3 | AB28: S7 · PALLET O · L3 | AD28: S8 · PALLET P · L3 | AF28: S8 · PALLET Q · L3
A29: LINE # | B29: Equipment Model | C29: Serial # | D29: Equipment Model | E29: Serial # | F29: Equipment Model | G29: Serial # | H29: Equipment Model | I29: Serial # | J29: Dispenser / Accessory | K29: Qty | L29: Dispenser / Accessory | M29: Qty | N29: Equipment Model | O29: Serial # | P29: Equipment Model | Q29: Serial # | R29: Equipment Model | S29: Serial # | T29: Equipment Model | U29: Serial # | V29: Equipment Model | W29: Serial # | X29: Equipment Model | Y29: Serial # | Z29: Equipment Model | AA29: Serial # | AB29: Equipment Model | AC29: Serial # | AD29: Equipment Model | AE29: Serial # | AF29: Equipment Model | AG29: Serial # | AI29: LEVEL TOTAL (equipment)
A30: 1 | J30: Fetco L4S-10 | K30: 1 | L30: Fetco L4D-10 | M30: 10 | N30: Eversys e'4s (Vida) | P30: Eversys Cameo c'2s | Q30: 0183130226090C0003 | R30: Bunn G9-2T | S30: N/A | T30: Bunn Axiom-APS | U30: AXAP048950 | Z30: Bunn Axiom-15-2U1L | AA30: AX00067024 | AD30: Fetco 2051e | AE30: 470102071577 | AF30: Fetco 1232 Plus | AG30: 12321B23006241064
A31: 2 | J31: Fetco Twin Station | K31: 3 | R31: Bunn G9-2T | S31: N/A | T31: Bunn Axiom-APS | U31: AXAP028650 | Z31: Bunn Axiom-15-2U1L | AA31: AX00067031 | AD31: Fetco 2051e | AE31: 470105071605 | AF31: Fetco 1232 Plus | AG31: 12321B22312252880
A32: 3 | R32: Bunn G9-2T | S32: N/A | T32: Bunn Axiom-APS | U32: AXAP028068 | Z32: Bunn Axiom-15-2U1L | AA32: AX00078697 | AD32: Fetco 2051e | AE32: 470140071828 | AF32: Fetco 52H | AG32: 30105258944
A33: 4 | R33: Bunn G9-2T | S33: N/A | T33: Bunn Axiom-APS | U33: AXAP051199 | Z33: Bunn CWTF-15-2U1L | AA33: CWTF472186 | AD33: Fetco 1151 V+ | AE33: 11515145245217675
A34: 5 | R34: Bunn G9-2T | S34: G9201362 | T34: Bunn Axiom-APS | U34: AXAP050695 | Z34: Bunn CWTF-15-2U1L | AA34: CWTF563341 | AD34: Fetco 2051e | AE34: 470112123156
A35: 6 | R35: Bunn G9-2T | S35: G900045131 | T35: Bunn Axiom-APS | U35: AXAP049761 | Z35: Bunn CWTF-15-2U1L | AA35: CWTF544341 | AD35: Fetco 51H | AE35: 05482600
A36: 7 | R36: Bunn G9-2T | S36: N/A | T36: Bunn Axiom-APS | U36: AXAP058908 | Z36: Bunn Axiom-15-2U1L | AA36: AX00067025
A37: 8 | R37: Bunn G9-2T | S37: G900049473 | T37: Bunn Axiom-APS | U37: AXAP054421 | Z37: Bunn CWTF-TC Twin | AA37: N/A
A38: 9 | R38: Bunn G9-2T | S38: N/A | T38: Bunn Axiom-APS | U38: AXAP025208
A39: 10 | T39: Bunn Axiom-APS | U39: AXAP049092
A40: 11
A41: 12
A42: IN SLOT → | B42: =COUNTA(B30:B41) -> 0 | C42: / 12 | D42: =COUNTA(D30:D41) -> 0 | E42: / 12 | F42: =COUNTA(F30:F41) -> 0 | G42: / 12 | H42: =COUNTA(H30:H41) -> 0 | I42: / 12 | J42: =COUNTA(J30:J41) -> 2 | K42: =SUM(K30:K41) -> 4 | L42: =COUNTA(L30:L41) -> 1 | M42: =SUM(M30:M41) -> 10 | N42: =COUNTA(N30:N41) -> 1 | O42: / 12 | P42: =COUNTA(P30:P41) -> 1 | Q42: / 12 | R42: =COUNTA(R30:R41) -> 9 | S42: / 12 | T42: =COUNTA(T30:T41) -> 10 | U42: / 12 | V42: =COUNTA(V30:V41) -> 0 | W42: / 12 | X42: =COUNTA(X30:X41) -> 0 | Y42: / 12 | Z42: =COUNTA(Z30:Z41) -> 8 | AA42: / 12 | AB42: =COUNTA(AB30:AB41) -> 0 | AC42: / 12 | AD42: =COUNTA(AD30:AD41) -> 6 | AE42: / 12 | AF42: =COUNTA(AF30:AF41) -> 3 | AG42: / 12 | AI42: =SUM(B42:AG42)-SUM(J42,L42,K42,M42) -> 38
A44: LEVEL 2 (16 pallets · 8 sections · 12 lines per slot)
A45: SECTION → | B45: S1 · PALLET B · L2 (CATERING) | D45: S1 · PALLET C · L2 (CATERING) | F45: S2 · PALLET D · L2 (CATERING) | H45: S2 · PALLET E · L2 (CATERING) | J45: S3 · PALLET F · L2 (DISPENSERS) | L45: S3 · PALLET G · L2 (DISPENSERS) | N45: S4 · PALLET H · L2 | P45: S4 · PALLET I · L2 | R45: S5 · PALLET J · L2 | T45: S5 · PALLET K · L2 | V45: S6 · PALLET L · L2 | X45: S6 · PALLET M · L2 | Z45: S7 · PALLET N · L2 | AB45: S7 · PALLET O · L2 | AD45: S8 · PALLET P · L2 | AF45: S8 · PALLET Q · L2
A46: LINE # | B46: Equipment Model | C46: Serial # | D46: Equipment Model | E46: Serial # | F46: Equipment Model | G46: Serial # | H46: Equipment Model | I46: Serial # | J46: Dispenser / Accessory | K46: Qty | L46: Dispenser / Accessory | M46: Qty | N46: Equipment Model | O46: Serial # | P46: Equipment Model | Q46: Serial # | R46: Equipment Model | S46: Serial # | T46: Equipment Model | U46: Serial # | V46: Equipment Model | W46: Serial # | X46: Equipment Model | Y46: Serial # | Z46: Equipment Model | AA46: Serial # | AB46: Equipment Model | AC46: Serial # | AD46: Equipment Model | AE46: Serial # | AF46: Equipment Model | AG46: Serial # | AI46: LEVEL TOTAL (equipment)
A47: 1 | J47: Bunn TDON3.5 | K47: 10 | L47: Fetco L4D-15 | M47: 17 | N47: Eversys e'4m | O47: 110710024283E0008 | P47: Eversys e'4s ST X-Wide | Q47: 1166000250770 | R47: Bunn G9-2T | S47: N/A | T47: Bunn Axiom-APS | U47: AXAP028453 | V47: Bunn TB3 | W47: TU00250664 | X47: Bunn ITCB | Y47: ITCB077789 | AD47: Fetco 62H | AE47: 09239002A
A48: 2 | R48: Bunn G9-2T | S48: N/A | T48: Bunn Axiom-APS | U48: AXAP026839 | V48: Bunn TB3 | W48: N/A | X48: Bunn ITCB | Y48: ITCB125298 | AD48: Fetco 62H | AE48: 18050650279A
A49: 3 | R49: Bunn G9-2T | S49: G900003345 | T49: Bunn Axiom-APS | U49: AXAP098948 | V49: Bunn TB3 | W49: TU00347329 | X49: Bunn ITCB | Y49: ITCB132589
A50: 4 | R50: Bunn G9-2T | S50: G900025272 | T50: Bunn Axiom-APS | U50: AXAP049086 | V50: Bunn TB3 | W50: TU00347728 | X50: Bunn ITCB | Y50: ITCB152375
A51: 5 | R51: Bunn G9-2T | S51: G900057889 | T51: Bunn Axiom-APS | U51: AXAP024418 | V51: Bunn TB3 | W51: TU00300412 | X51: Bunn ITCB | Y51: ITCB177231
A52: 6 | R52: Bunn G9-2T | S52: N/A | T52: Bunn Axiom-APS | U52: AXAP053501 | V52: Bunn TB3 | W52: TU00294772 | X52: Bunn ITCB | Y52: ITCB089785
A53: 7 | R53: Bunn G9-2T | S53: N/A | T53: Bunn Axiom-APS | U53: AXAP037164 | V53: Bunn TB3 | W53: TU0030653 | X53: Bunn ITCB | Y53: ITCB139185
A54: 8 | R54: Bunn G9-2T | S54: N/A | T54: Bunn Axiom-APS | U54: AXAP028484 | X54: Bunn ITCB | Y54: ITCB077719
A55: 9 | R55: Bunn G9-2T | S55: G900048144 | T55: Bunn Axiom-APS | U55: AXAP028324
A56: 10 | R56: Bunn G9-2T | S56: G900186939 | T56: Bunn Axiom-APS | U56: N/A
A57: 11 | R57: Bunn G9-2T | S57: G901202015
A58: 12
A59: IN SLOT → | B59: =COUNTA(B47:B58) -> 0 | C59: / 12 | D59: =COUNTA(D47:D58) -> 0 | E59: / 12 | F59: =COUNTA(F47:F58) -> 0 | G59: / 12 | H59: =COUNTA(H47:H58) -> 0 | I59: / 12 | J59: =COUNTA(J47:J58) -> 1 | K59: =SUM(K47:K58) -> 10 | L59: =COUNTA(L47:L58) -> 1 | M59: =SUM(M47:M58) -> 17 | N59: =COUNTA(N47:N58) -> 1 | O59: / 12 | P59: =COUNTA(P47:P58) -> 1 | Q59: / 12 | R59: =COUNTA(R47:R58) -> 11 | S59: / 12 | T59: =COUNTA(T47:T58) -> 10 | U59: / 12 | V59: =COUNTA(V47:V58) -> 7 | W59: / 12 | X59: =COUNTA(X47:X58) -> 8 | Y59: / 12 | Z59: =COUNTA(Z47:Z58) -> 0 | AA59: / 12 | AB59: =COUNTA(AB47:AB58) -> 0 | AC59: / 12 | AD59: =COUNTA(AD47:AD58) -> 2 | AE59: / 12 | AF59: =COUNTA(AF47:AF58) -> 0 | AG59: / 12 | AI59: =SUM(B59:AG59)-SUM(J59,L59,K59,M59) -> 40
A61: LEVEL 1 — FLOOR (16 pallets · 8 sections · 12 lines per slot)
A62: SECTION → | B62: S1 · PALLET B · L1 (CATERING) | D62: S1 · PALLET C · L1 (CATERING) | F62: S2 · PALLET D · L1 (CATERING) | H62: S2 · PALLET E · L1 (CATERING) | J62: S3 · PALLET F · L1 (DISPENSERS) | L62: S3 · PALLET G · L1 (DISPENSERS) | N62: S4 · PALLET H · L1 | P62: S4 · PALLET I · L1 | R62: S5 · PALLET J · L1 | T62: S5 · PALLET K · L1 | V62: S6 · PALLET L · L1 | X62: S6 · PALLET M · L1 | Z62: S7 · PALLET N · L1 | AB62: S7 · PALLET O · L1 | AD62: S8 · PALLET P · L1 | AF62: S8 · PALLET Q · L1
A63: LINE # | B63: Equipment Model | C63: Serial # | D63: Equipment Model | E63: Serial # | F63: Equipment Model | G63: Serial # | H63: Equipment Model | I63: Serial # | J63: Dispenser / Accessory | K63: Qty | L63: Dispenser / Accessory | M63: Qty | N63: Equipment Model | O63: Serial # | P63: Equipment Model | Q63: Serial # | R63: Equipment Model | S63: Serial # | T63: Equipment Model | U63: Serial # | V63: Equipment Model | W63: Serial # | X63: Equipment Model | Y63: Serial # | Z63: Equipment Model | AA63: Serial # | AB63: Equipment Model | AC63: Serial # | AD63: Equipment Model | AE63: Serial # | AF63: Equipment Model | AG63: Serial # | AI63: LEVEL TOTAL (equipment)
A64: 1 | H64: Rancilio Classe 5 ST 1GR | I64: 10456469 | J64: BNP 1.9L Carafes | K64: 36 | L64: Service Ideas 2.4 L Airpots | M64: 33 | N64: Eversys e'4s (Baldi) | O64: 110700026103E0015 | P64: Eversys Cameo c'2s (Kol Fac) | Q64: 0183130226112C0010 | R64: Fetco GR2.2 | S64: N/A | T64: Bunn FPG-2E | U64: LPG0080876 | V64: Bunn TB3 | W64: TU00288599 | X64: Bunn ITCB NS | Y64: ITCB176258 | Z64: Rancilio Classe 5 Compact 220V | AA64: 10468446 | AB64: La Marzocco Swift Grinder | AC64: 6436 | AD64: Fetco 62H | AE64: N/A | AF64: Fetco 62H | AG64: N/A
A65: 2 | H65: Rancilio Classe 5 ST 1GR | I65: 10411127 | J65: FCC 2L Carafes | K65: 26 | R65: Fetco GR2.2 | S65: N/A | T65: Bunn FPG-2E | U65: LPG0078933 | V65: Bunn TB3 | W65: TU00289848 | X65: Bunn ITCB NS | Y65: ITCB175834 | Z65: Mazzer Super Jolly V Up E | AA65: 2602691 | AB65: Bunn ITB-DD | AC65: ITB0065194 | AD65: Fetco 62H | AE65: N/A | AF65: Fetco 62H | AG65: N/A
A66: 3 | R66: Fetco GR2.2 | S66: 300113077790 | T66: Bunn LPG-2E | U66: LPG0072279 | V66: Bunn TB3 | W66: TU00301348 | X66: Bunn ITCB NS | Y66: ITCB165495 | Z66: Mazzer Super Jolly V Up E | AA66: 2602694 | AB66: Fetco 1251 Plus | AC66: 12511B23045259780
A67: 4 | R67: Fetco GR2.2 | S67: 740145078429 | T67: Bunn LPG-2E | U67: LPG0072283 | V67: Bunn TB3 | W67: TU00346691 | X67: Bunn ITCB NS | Y67: ITCB166931
A68: 5 | R68: Fetco GR2.3 | S68: 300122066926A | T68: Bunn LPG-2E | U68: LPG0076567 | X68: Bunn ITB-DD Sweet Brew | Y68: ITB0062074
A69: 6 | T69: Bunn LPG-2E | U69: LPG0029174
A70: 7 | T70: Bunn LPG-2E | U70: LPG0045015
A71: 8 | T71: Bunn LPG-2E | U71: LPG0053520
A72: 9 | T72: Bunn H5X 120V | U72: HX00147221
A73: 10
A74: 11
A75: 12
A76: IN SLOT → | B76: =COUNTA(B64:B75) -> 0 | C76: / 12 | D76: =COUNTA(D64:D75) -> 0 | E76: / 12 | F76: =COUNTA(F64:F75) -> 0 | G76: / 12 | H76: =COUNTA(H64:H75) -> 2 | I76: / 12 | J76: =COUNTA(J64:J75) -> 2 | K76: =SUM(K64:K75) -> 62 | L76: =COUNTA(L64:L75) -> 1 | M76: =SUM(M64:M75) -> 33 | N76: =COUNTA(N64:N75) -> 1 | O76: / 12 | P76: =COUNTA(P64:P75) -> 1 | Q76: / 12 | R76: =COUNTA(R64:R75) -> 5 | S76: / 12 | T76: =COUNTA(T64:T75) -> 9 | U76: / 12 | V76: =COUNTA(V64:V75) -> 4 | W76: / 12 | X76: =COUNTA(X64:X75) -> 5 | Y76: / 12 | Z76: =COUNTA(Z64:Z75) -> 3 | AA76: / 12 | AB76: =COUNTA(AB64:AB75) -> 3 | AC76: / 12 | AD76: =COUNTA(AD64:AD75) -> 2 | AE76: / 12 | AF76: =COUNTA(AF64:AF75) -> 2 | AG76: / 12 | AI76: =SUM(B76:AG76)-SUM(J76,L76,K76,M76) -> 37

Sheet Barn - Front Rack
A1: READY EQUIPMENT LOG — BARN · FRONT RACK (everything on these racks is READY TO USE)
A2: LOCATION: BARN. HOW TO USE: This rack sits IN FRONT of the back rack (double-racked section) and mirrors back-rack pallets J–Q — 8 pallets / 4 sections, 4 levels high, 12 lines per slot. Type the Model in the Model column and the unit Serial beside it. To flag a customer-owned unit, put the customer in parentheses after the model — e.g. Bunn ITCB (Coco’s). The unit still counts toward the model total, and the customer is picked up automatically on the Ready Models tab. Serial columns are formatted as Text so long serial numbers keep every digit.
A3: LIVE COUNTS — updates as you add or remove equipment
A4: EQUIPMENT READY on front rack | C4: EQUIPMENT CAPACITY | E4: OPEN SLOTS | G4: RACK FILL % | I4: SECTIONS ON THIS RACK | K4: PALLETS (J–Q) | M4: LEVELS PER SECTION | O4: LINES PER SLOT
A5: =SUM(B25:Q25,B42:Q42,B59:Q59,B76:Q76) -> 82 | C5: 384 | E5: =MAX(0,C5-A5) -> 302 | G5: =IF(C5=0,0,A5/C5) -> 0.21354167 | I5: 4 | K5: 8 | M5: 4 | O5: 12
A7: LEGEND: BLUE header = general equipment A filled Model cell turns GREEN = that unit is Ready to Use A PINK serial cell = serial still missing Slot ID = Pallet + Level, e.g. "M-L3". Front-rack pallets sit directly in front of back-rack pallets of the same letter. Customer-owned units are logged on the Ready Models tab.
A10: LEVEL 4 — TOP (8 pallets · 4 sections · 12 lines per slot)
A11: SECTION → | B11: S1 · PALLET J · L4 | D11: S1 · PALLET K · L4 | F11: S2 · PALLET L · L4 | H11: S2 · PALLET M · L4 | J11: S3 · PALLET N · L4 | L11: S3 · PALLET O · L4 | N11: S4 · PALLET P · L4 | P11: S4 · PALLET Q · L4
A12: LINE # | B12: Equipment Model | C12: Serial # | D12: Equipment Model | E12: Serial # | F12: Equipment Model | G12: Serial # | H12: Equipment Model | I12: Serial # | J12: Equipment Model | K12: Serial # | L12: Equipment Model | M12: Serial # | N12: Equipment Model | O12: Serial # | P12: Equipment Model | Q12: Serial # | S12: LEVEL TOTAL
A13: 1 | B13: Bunn G9-2 | C13: G900055242
A14: 2 | B14: Bunn G9-2 | C14: N/A
A15: 3 | B15: Bunn G9-2 | C15: G900107448
A16: 4 | B16: Bunn G9-2 | C16: G900029673
A17: 5 | B17: Bunn G9-2 | C17: G900006469
A18: 6 | B18: Bunn G9-2 | C18: N/A
A19: 7 | B19: Bunn G9-2 | C19: N/A
A20: 8 | B20: Bunn G9-2 | C20: N/A
A21: 9 | B21: Bunn G9-2 | C21: G900046332
A22: 10 | B22: Bunn G9-2 | C22: G900057284
A23: 11
A24: 12
A25: IN SLOT → | B25: =COUNTA(B13:B24) -> 10 | C25: / 12 | D25: =COUNTA(D13:D24) -> 0 | E25: / 12 | F25: =COUNTA(F13:F24) -> 0 | G25: / 12 | H25: =COUNTA(H13:H24) -> 0 | I25: / 12 | J25: =COUNTA(J13:J24) -> 0 | K25: / 12 | L25: =COUNTA(L13:L24) -> 0 | M25: / 12 | N25: =COUNTA(N13:N24) -> 0 | O25: / 12 | P25: =COUNTA(P13:P24) -> 0 | Q25: / 12 | S25: =SUM(B25:Q25) -> 10
A27: LEVEL 3 (8 pallets · 4 sections · 12 lines per slot)
A28: SECTION → | B28: S1 · PALLET J · L3 | D28: S1 · PALLET K · L3 | F28: S2 · PALLET L · L3 | H28: S2 · PALLET M · L3 | J28: S3 · PALLET N · L3 | L28: S3 · PALLET O · L3 | N28: S4 · PALLET P · L3 | P28: S4 · PALLET Q · L3
A29: LINE # | B29: Equipment Model | C29: Serial # | D29: Equipment Model | E29: Serial # | F29: Equipment Model | G29: Serial # | H29: Equipment Model | I29: Serial # | J29: Equipment Model | K29: Serial # | L29: Equipment Model | M29: Serial # | N29: Equipment Model | O29: Serial # | P29: Equipment Model | Q29: Serial # | S29: LEVEL TOTAL
A30: 1 | B30: Bunn G9-2 | C30: G900075324 | J30: DeJongDuke Virtu | K30: 2024021984901 | N30: Fetco 51H | O30: N/A
A31: 2 | B31: Bunn G9-2 | C31: N/A | J31: Bravilor Esprecious 22 | N31: Fetco MBS-1221 | O31: 12211X11721231918
A32: 3 | B32: Bunn G9-2 | C32: G90000474 | J32: WAT Water CT Sparkling 3202-200
A33: 4 | B33: Bunn G9-2 | C33: N/A
A34: 5 | B34: Bunn G9-2 | C34: N/A
A35: 6 | B35: Bunn G9-2 | C35: N/A
A36: 7 | B36: Bunn G9-2 | C36: G900001858
A37: 8 | B37: Bunn G9-2 | C37: G900003290
A38: 9 | B38: Bunn G9-1 | C38: G900011600
A39: 10
A40: 11
A41: 12
A42: IN SLOT → | B42: =COUNTA(B30:B41) -> 9 | C42: / 12 | D42: =COUNTA(D30:D41) -> 0 | E42: / 12 | F42: =COUNTA(F30:F41) -> 0 | G42: / 12 | H42: =COUNTA(H30:H41) -> 0 | I42: / 12 | J42: =COUNTA(J30:J41) -> 3 | K42: / 12 | L42: =COUNTA(L30:L41) -> 0 | M42: / 12 | N42: =COUNTA(N30:N41) -> 2 | O42: / 12 | P42: =COUNTA(P30:P41) -> 0 | Q42: / 12 | S42: =SUM(B42:Q42) -> 14
A44: LEVEL 2 (8 pallets · 4 sections · 12 lines per slot)
A45: SECTION → | B45: S1 · PALLET J · L2 | D45: S1 · PALLET K · L2 | F45: S2 · PALLET L · L2 | H45: S2 · PALLET M · L2 | J45: S3 · PALLET N · L2 | L45: S3 · PALLET O · L2 | N45: S4 · PALLET P · L2 | P45: S4 · PALLET Q · L2
A46: LINE # | B46: Equipment Model | C46: Serial # | D46: Equipment Model | E46: Serial # | F46: Equipment Model | G46: Serial # | H46: Equipment Model | I46: Serial # | J46: Equipment Model | K46: Serial # | L46: Equipment Model | M46: Serial # | N46: Equipment Model | O46: Serial # | P46: Equipment Model | Q46: Serial # | S46: LEVEL TOTAL
A47: 1 | B47: Bunn G9-2T | C47: G900046036 | D47: Bunn Axiom-APS | E47: AXAP049371 | F47: Bunn TB3 | G47: TU00293697 | H47: Bunn ITCB | I47: ITCB066212 | J47: Bauhuas 2 Group | K47: 160004355 | L47: La Marzocco Strada 3AV | M47: ST004358 | N47: Fetco 1132 V+ | O47: 11325221206857
A48: 2 | B48: Bunn G9-2T | C48: G900032427 | D48: Bunn Axiom-APS | E48: AXAP049074 | F48: Bunn TB3 | G48: TU00225095 | H48: Bunn ITCB | I48: ITCB087216 | J48: La Marzocco Linea 2EE | K48: L042403 | N48: Fetco 1151 V+ | O48: 11515141228188
A49: 3 | B49: Bunn G9-2T | C49: G900104243 | D49: Bunn Axiom-APS | E49: AXAP048045 | F49: Bunn TB3 | G49: N/A | H49: Bunn ITCB | I49: ITCB132883 | N49: Fetco 1252 Plus | O49: 1252UB23011257493
A50: 4 | B50: Bunn G9-2T | C50: G900045471 | D50: Bunn Axiom-APS | E50: AXAP028483 | F50: Bunn TB3 | G50: TU00303206 | H50: Bunn ITCB | I50: ITCB078292
A51: 5 | B51: Bunn G9-2T | C51: G900044774 | D51: Bunn Axiom-APS | E51: AXAP031358 | F51: Bunn TB3 | G51: TU00312448 | H51: Bunn ITCB | I51: ITCB155090
A52: 6 | B52: Bunn G3 | C52: G3152108 | D52: Bunn Axiom-APS | E52: AXAP049087 | F52: Bunn TB3 | G52: TU00288241 | H52: Bunn ITCB | I52: ITCB085820
A53: 7 | B53: Bunn G3 | C53: G300035983 | F53: Bunn TB3 | G53: TU00223316 | H53: Bunn ITCB | I53: ITCB103816
A54: 8 | B54: Bunn G3 | C54: G300078569 | F54: Bunn TB3 | G54: N/A
A55: 9 | B55: Bunn G3 | C55: G300080000
A56: 10
A57: 11
A58: 12
A59: IN SLOT → | B59: =COUNTA(B47:B58) -> 9 | C59: / 12 | D59: =COUNTA(D47:D58) -> 6 | E59: / 12 | F59: =COUNTA(F47:F58) -> 8 | G59: / 12 | H59: =COUNTA(H47:H58) -> 7 | I59: / 12 | J59: =COUNTA(J47:J58) -> 2 | K59: / 12 | L59: =COUNTA(L47:L58) -> 1 | M59: / 12 | N59: =COUNTA(N47:N58) -> 3 | O59: / 12 | P59: =COUNTA(P47:P58) -> 0 | Q59: / 12 | S59: =SUM(B59:Q59) -> 36
A61: LEVEL 1 — FLOOR (8 pallets · 4 sections · 12 lines per slot)
A62: SECTION → | B62: S1 · PALLET J · L1 | D62: S1 · PALLET K · L1 | F62: S2 · PALLET L · L1 | H62: S2 · PALLET M · L1 | J62: S3 · PALLET N · L1 | L62: S3 · PALLET O · L1 | N62: S4 · PALLET P · L1 | P62: S4 · PALLET Q · L1
A63: LINE # | B63: Equipment Model | C63: Serial # | D63: Equipment Model | E63: Serial # | F63: Equipment Model | G63: Serial # | H63: Equipment Model | I63: Serial # | J63: Equipment Model | K63: Serial # | L63: Equipment Model | M63: Serial # | N63: Equipment Model | O63: Serial # | P63: Equipment Model | Q63: Serial # | S63: LEVEL TOTAL
A64: 1 | B64: Bunn G9-2T | C64: G900046833 | H64: Bunn ICB Tall | I64: ICB0126980 | J64: Victoria Arduino Leva 3 | K64: 12878 | L64: La Marzocco Linea S 2AV (Coco's) | M64: 29304 | N64: Fetco 52H | O64: N/A
A65: 2 | B65: Bunn G9-2T | C65: G900036820 | H65: Bunn ITB | I65: ITB0036643 | L65: La Marzocco Swift Grinder (Coco's) | M65: 9386 | N65: Fetco 52H | O65: 630140228371
A66: 3 | B66: Bunn G9-2T | C66: G903312016 | H66: Bunn ITCB Short | I66: ITCB003305 | J66: Faema E61 Jubile A/1 | K66: 1247636
A67: 4 | B67: Bunn G9-2T | C67: G900067127 | H67: Bunn ITCB Short | I67: ITCB013876
A68: 5 | B68: Bunn G9-2T | C68: G906073938 | H68: Bunn ITCB Short | I68: ITCB018137
A69: 6 | B69: Bunn G9-2T | C69: N/A | H69: Bunn ITCB Short | I69: ITCB083123
A70: 7 | B70: Bunn G9-2T | C70: N/A | H70: Bunn TB3 Short | I70: N/A
A71: 8 | B71: Bunn G9-1T | C71: G900073343 | H71: Bunn TB3 Short | I71: N/A
A72: 9
A73: 10
A74: 11
A75: 12
A76: IN SLOT → | B76: =COUNTA(B64:B75) -> 8 | C76: / 12 | D76: =COUNTA(D64:D75) -> 0 | E76: / 12 | F76: =COUNTA(F64:F75) -> 0 | G76: / 12 | H76: =COUNTA(H64:H75) -> 8 | I76: / 12 | J76: =COUNTA(J64:J75) -> 2 | K76: / 12 | L76: =COUNTA(L64:L75) -> 2 | M76: / 12 | N76: =COUNTA(N64:N75) -> 2 | O76: / 12 | P76: =COUNTA(P64:P75) -> 0 | Q76: / 12 | S76: =SUM(B76:Q76) -> 22

Sheet Equipment by Location
A1: EQUIPMENT BY LOCATION — outside the Barn racks (everything listed here is READY TO USE)
A2: HOW TO USE: Five separate lists, one per location. Enter the Equipment Name, its Serial Number, and the Qty. Use one line per unit where you track serials; use Qty for anything you hold in bulk (leave Qty blank and it counts as 1). Everything typed here rolls into the Ready Models totals automatically, under its own location column — no need to touch that tab. OUT OF STATE covers anything staged outside Texas; use the Serial Number line as normal and note the state or site in the name if it helps you find it. Customer-owned units work the same way here: put the customer in parentheses after the name, e.g. Bunn ITCB (Coco’s).
A3: LIVE COUNTS — units held at each location
A4: FRONT LOBBY UNITS | E4: SERVICE ROOM UNITS | I4: PRODUCTION UNITS | M4: TRAINING ROOM UNITS | Q4: OUT OF STATE UNITS
A5: =SUM(C11:C50)+SUMPRODUCT((A11:A50<>"")*(C11:C50="")) -> 9 | E5: =SUM(G11:G50)+SUMPRODUCT((E11:E50<>"")*(G11:G50="")) -> 8 | I5: =SUM(K11:K50)+SUMPRODUCT((I11:I50<>"")*(K11:K50="")) -> 12 | M5: =SUM(O11:O50)+SUMPRODUCT((M11:M50<>"")*(O11:O50="")) -> 14 | Q5: =SUM(S11:S50)+SUMPRODUCT((Q11:Q50<>"")*(S11:S50="")) -> 1
A7: A blank Qty counts as 1 unit. Lines are capped at 40 per location — say the word if a list needs more room. Equipment Name has a dropdown of everything already known to the workbook; typing a brand-new name is fine and it will be added to Ready Models on its own.
A9: FRONT LOBBY | E9: SERVICE ROOM | I9: PRODUCTION | M9: TRAINING ROOM | Q9: OUT OF STATE
A10: Equipment Name | B10: Serial Number | C10: Qty | E10: Equipment Name | F10: Serial Number | G10: Qty | I10: Equipment Name | J10: Serial Number | K10: Qty | M10: Equipment Name | N10: Serial Number | O10: Qty | Q10: Equipment Name | R10: Serial Number | S10: Qty
A11: Bunn G3 | B11: G300003239 | C11: 1 | E11: Bunn H5X 220V | F11: HX00125853 | G11: 1 | I11: Fetco 62H | J11: 05804303A | K11: 1 | M11: Fetco GR2.3 | N11: 740113153011 | O11: 1 | Q11: Eversys Cameo c'2s | S11: 1
A12: Bunn G2 | B12: G200002189 | C12: 1 | E12: Bunn ITCB | F12: ITCB143274 | G12: 1 | I12: Bunn ITCB | J12: ITCB104656 | K12: 1 | M12: Fetco 2051e | N12: 470148071861 | O12: 1
A13: Fetco 1251 Plus | B13: 12511B2300529007 | C13: 1 | E13: Rancilio Classe 5 Compact 120v | F13: 10410928 | G13: 1 | I13: Ditting KR1403 | J13: 25838 | K13: 1 | M13: Bunn Sure Immersion 220 | N13: B2C0004800 | O13: 1
A14: La Marzocco Wally | B14: WM001197 | C14: 1 | E14: Bunn CWTF-APS | F14: CWTF547351 | G14: 1 | I14: Ditting KR1403 | J14: 14466 | K14: 1 | M14: Bunn ITCB NS | N14: ITCB1736001 | O14: 1
A15: La Marzocco Strada XT | B15: SR001304 | C15: 1 | E15: Eversys e'4s ST X-Wide | F15: 0116600022255E0004 | G15: 1 | I15: Ditting KR1403 | J15: 1063 | K15: 1 | M15: Bunn G9-2T | N15: N/A | O15: 1
A16: Mazzer Robur S E | B16: 1928657 | C16: 1 | E16: La Marzocco Strada 2EP | F16: ST004299 | G16: 1 | I16: Ditting KR1403 | J16: 1168 | K16: 1 | M16: Mazzer Kony Doser | N16: 0924004 | O16: 1
A17: Mazzer Robur S E | B17: 2109963 | C17: 1 | E17: Eversys Shotmaster CT | F17: 0115390026159E0001 | G17: 1 | I17: Ditting KR1403 | J17: 1067 | K17: 1 | M17: Faema E61 Legend S/2 | N17: 1171694 | O17: 1
A18: La Marzocco KB90 ABR | B18: KB000276 | C18: 1 | E18: Eversys Shotmaster CT | F18: 0115390026159E0002 | G18: 1 | I18: Ditting KR1403 | J18: 24724 | K18: 1 | M18: La Marzocco Swift Grinder | N18: 4533-1 | O18: 1
A19: Mazzer Super Jolly V Up Timer | B19: 2403595 | C19: 1 | I19: Ditting KR1403 | J19: 1172 | K19: 1 | M19: Eversys Cameo c'2s | N19: 1912045 | O19: 1
I20: Bunn G3 | J20: G300057356 | K20: 1 | M20: Frosty Factory 217A | N20: 33713 | O20: 1
I21: Eversys e'4m | J21: 0110710023346E0004 | K21: 1 | M21: Eversys e'4s | N21: 011700026065E0011 | O21: 1
I22: Eversys Shotmaster S/Pro | J22: 0116650021340E0001 | K22: 1 | M22: Mazzer Super Jolly V Up Timer | N22: 2403738 | O22: 1
M23: Fetco MBS-1251 | N23: 125111A1172261546 | O23: 1
M24: Bunn Nitron | N24: N2GM012751 / CLDD021918 | O24: 1
A51: LINES USED → | B51: =COUNTA(A11:A50)&" / 40" -> 9 / 40 | C51: =SUM(C11:C50)+SUMPRODUCT((A11:A50<>"")*(C11:C50="")) -> 9 | E51: LINES USED → | F51: =COUNTA(E11:E50)&" / 40" -> 8 / 40 | G51: =SUM(G11:G50)+SUMPRODUCT((E11:E50<>"")*(G11:G50="")) -> 8 | I51: LINES USED → | J51: =COUNTA(I11:I50)&" / 40" -> 12 / 40 | K51: =SUM(K11:K50)+SUMPRODUCT((I11:I50<>"")*(K11:K50="")) -> 12 | M51: LINES USED → | N51: =COUNTA(M11:M50)&" / 40" -> 14 / 40 | O51: =SUM(O11:O50)+SUMPRODUCT((M11:M50<>"")*(O11:O50="")) -> 14 | Q51: LINES USED → | R51: =COUNTA(Q11:Q50)&" / 40" -> 1 / 40 | S51: =SUM(S11:S50)+SUMPRODUCT((Q11:Q50<>"")*(S11:S50="")) -> 1

Sheet SA & Dallas Warehouses
A1: SA & DALLAS WAREHOUSES — equipment and modules held off-site (everything listed here is READY TO USE)
A2: HOW TO USE: Same format as the Equipment by Location tab. Each warehouse has two sections — EQUIPMENT and MODULES — and each takes an Equipment Name, its Serial Number, and a Qty. Use one line per unit where you track serials; use Qty for anything held in bulk (leave Qty blank and it counts as 1). Everything typed here rolls into the Ready Models totals automatically under its own warehouse column. Modules are totalled separately from equipment, the same way dispensers are, so they never inflate the equipment count. Customer-owned units work here too: put the customer in parentheses after the name, e.g. Bunn ITCB (Coco’s).
A3: LIVE COUNTS — units held at each warehouse
A4: SAN ANTONIO EQUIPMENT | E4: SAN ANTONIO MODULES | I4: DALLAS EQUIPMENT | M4: DALLAS MODULES
A5: =SUM(C11:C50)+SUMPRODUCT((A11:A50<>"")*(C11:C50="")) -> 10 | E5: =SUM(G11:G50)+SUMPRODUCT((E11:E50<>"")*(G11:G50="")) -> 0 | I5: =SUM(K11:K50)+SUMPRODUCT((I11:I50<>"")*(K11:K50="")) -> 0 | M5: =SUM(O11:O50)+SUMPRODUCT((M11:M50<>"")*(O11:O50="")) -> 0
A7: A blank Qty counts as 1 unit. Each section holds 40 lines — say the word if one needs more room. Equipment Name has a dropdown of everything already known to the workbook; typing a brand-new name is fine and it will be added to Ready Models on its own.
A9: SAN ANTONIO — EQUIPMENT | E9: SAN ANTONIO — MODULES | I9: DALLAS — EQUIPMENT | M9: DALLAS — MODULES
A10: Equipment Name | B10: Serial Number | C10: Qty | E10: Module Name | F10: Serial Number | G10: Qty | I10: Equipment Name | J10: Serial Number | K10: Qty | M10: Module Name | N10: Serial Number | O10: Qty
A11: Bunn ITCB | B11: ITCB105226 | C11: 1
A12: Fetco 1252 Plus | B12: 1252UB2304923049233759 | C12: 1
A13: Mazzer Robur Automatic S | B13: 2242353 | C13: 1
A14: Mazzer Super Jolly Timer | B14: 2403603 | C14: 1
A15: Bunn G3 | B15: G300037527 | C15: 1
A16: Bunn FPG-2E | B16: LPG0077016 | C16: 1
A17: Bunn G9-2T | B17: G900046511 | C17: 1
A18: Bunn H5X 120V | B18: HX00143258 | C18: 1
A19: Bunn G1 | B19: G100013007 | C19: 1
A20: Eversys Cameo c'2s | B20: 0099820023247C0024 | C20: 1
A51: LINES USED → | B51: =COUNTA(A11:A50)&" / 40" -> 10 / 40 | C51: =SUM(C11:C50)+SUMPRODUCT((A11:A50<>"")*(C11:C50="")) -> 10 | E51: LINES USED → | F51: =COUNTA(E11:E50)&" / 40" -> 0 / 40 | G51: =SUM(G11:G50)+SUMPRODUCT((E11:E50<>"")*(G11:G50="")) -> 0 | I51: LINES USED → | J51: =COUNTA(I11:I50)&" / 40" -> 0 / 40 | K51: =SUM(K11:K50)+SUMPRODUCT((I11:I50<>"")*(K11:K50="")) -> 0 | M51: LINES USED → | N51: =COUNTA(M11:M50)&" / 40" -> 0 / 40 | O51: =SUM(O11:O50)+SUMPRODUCT((M11:M50<>"")*(O11:O50="")) -> 0

Sheet Rack Map
A1: RACK MAP — BARN planogram overview (units in each slot)
A2: Each cell is one SLOT (pallet × level) and shows how many of its 12 lines are filled. GREEN = full, AMBER = partly filled, GREY = empty. Two pallets side by side = one section. Orange headers = Catering (B–E). Purple = Dispenser bay, Section S3 (pallets F & G) on all four levels. This map covers the BARN only — equipment in the Front Lobby, Service Room, Production and Training Room is on the Equipment by Location tab.
A4: BARN — BACK RACK · 8 sections / 16 pallets (B–Q)
A5: LEVEL ↓ / PALLET → | B5: B | C5: C | D5: D | E5: E | F5: F | G5: G | H5: H | I5: I | J5: J | K5: K | L5: L | M5: M | N5: N | O5: O | P5: P | Q5: Q
A6: Level 4 (Top) | B6: ='Barn - Back Rack'!B25 -> 0 | C6: ='Barn - Back Rack'!D25 -> 0 | D6: ='Barn - Back Rack'!F25 -> 0 | E6: ='Barn - Back Rack'!H25 -> 0 | F6: ='Barn - Back Rack'!J25 -> 0 | G6: ='Barn - Back Rack'!L25 -> 3 | H6: ='Barn - Back Rack'!N25 -> 0 | I6: ='Barn - Back Rack'!P25 -> 2 | J6: ='Barn - Back Rack'!R25 -> 10 | K6: ='Barn - Back Rack'!T25 -> 0 | L6: ='Barn - Back Rack'!V25 -> 0 | M6: ='Barn - Back Rack'!X25 -> 0 | N6: ='Barn - Back Rack'!Z25 -> 4 | O6: ='Barn - Back Rack'!AB25 -> 0 | P6: ='Barn - Back Rack'!AD25 -> 6 | Q6: ='Barn - Back Rack'!AF25 -> 6
A7: Level 3 | B7: ='Barn - Back Rack'!B42 -> 0 | C7: ='Barn - Back Rack'!D42 -> 0 | D7: ='Barn - Back Rack'!F42 -> 0 | E7: ='Barn - Back Rack'!H42 -> 0 | F7: ='Barn - Back Rack'!J42 -> 2 | G7: ='Barn - Back Rack'!L42 -> 1 | H7: ='Barn - Back Rack'!N42 -> 1 | I7: ='Barn - Back Rack'!P42 -> 1 | J7: ='Barn - Back Rack'!R42 -> 9 | K7: ='Barn - Back Rack'!T42 -> 10 | L7: ='Barn - Back Rack'!V42 -> 0 | M7: ='Barn - Back Rack'!X42 -> 0 | N7: ='Barn - Back Rack'!Z42 -> 8 | O7: ='Barn - Back Rack'!AB42 -> 0 | P7: ='Barn - Back Rack'!AD42 -> 6 | Q7: ='Barn - Back Rack'!AF42 -> 3
A8: Level 2 | B8: ='Barn - Back Rack'!B59 -> 0 | C8: ='Barn - Back Rack'!D59 -> 0 | D8: ='Barn - Back Rack'!F59 -> 0 | E8: ='Barn - Back Rack'!H59 -> 0 | F8: ='Barn - Back Rack'!J59 -> 1 | G8: ='Barn - Back Rack'!L59 -> 1 | H8: ='Barn - Back Rack'!N59 -> 1 | I8: ='Barn - Back Rack'!P59 -> 1 | J8: ='Barn - Back Rack'!R59 -> 11 | K8: ='Barn - Back Rack'!T59 -> 10 | L8: ='Barn - Back Rack'!V59 -> 7 | M8: ='Barn - Back Rack'!X59 -> 8 | N8: ='Barn - Back Rack'!Z59 -> 0 | O8: ='Barn - Back Rack'!AB59 -> 0 | P8: ='Barn - Back Rack'!AD59 -> 2 | Q8: ='Barn - Back Rack'!AF59 -> 0
A9: Level 1 (Floor) | B9: ='Barn - Back Rack'!B76 -> 0 | C9: ='Barn - Back Rack'!D76 -> 0 | D9: ='Barn - Back Rack'!F76 -> 0 | E9: ='Barn - Back Rack'!H76 -> 2 | F9: ='Barn - Back Rack'!J76 -> 2 | G9: ='Barn - Back Rack'!L76 -> 1 | H9: ='Barn - Back Rack'!N76 -> 1 | I9: ='Barn - Back Rack'!P76 -> 1 | J9: ='Barn - Back Rack'!R76 -> 5 | K9: ='Barn - Back Rack'!T76 -> 9 | L9: ='Barn - Back Rack'!V76 -> 4 | M9: ='Barn - Back Rack'!X76 -> 5 | N9: ='Barn - Back Rack'!Z76 -> 3 | O9: ='Barn - Back Rack'!AB76 -> 3 | P9: ='Barn - Back Rack'!AD76 -> 2 | Q9: ='Barn - Back Rack'!AF76 -> 2
A10: PALLET TOTAL | B10: =SUM(B6:B9) -> 0 | C10: =SUM(C6:C9) -> 0 | D10: =SUM(D6:D9) -> 0 | E10: =SUM(E6:E9) -> 2 | F10: =SUM(F6:F9) -> 5 | G10: =SUM(G6:G9) -> 6 | H10: =SUM(H6:H9) -> 3 | I10: =SUM(I6:I9) -> 5 | ... Q10: =SUM(Q6:Q9) -> 11
A11: Sections: S1 = B+C, S2 = D+E (both CATERING) · S3 = F+G (DISPENSER bay, all 4 levels, accessories logged by qty) · S4 = H+I · S5 = J+K · S6 = L+M · S7 = N+O · S8 = P+Q.
A13: BARN — FRONT RACK · 4 sections / 8 pallets (J–Q), double-racked in front of the back rack
A14: LEVEL ↓ / PALLET → | B14: J | C14: K | D14: L | E14: M | F14: N | G14: O | H14: P | I14: Q
A15: Level 4 (Top) | B15: ='Barn - Front Rack'!B25 -> 10 | C15: ='Barn - Front Rack'!D25 -> 0 | D15: ='Barn - Front Rack'!F25 -> 0 | E15: ='Barn - Front Rack'!H25 -> 0 | F15: ='Barn - Front Rack'!J25 -> 0 | G15: ='Barn - Front Rack'!L25 -> 0 | H15: ='Barn - Front Rack'!N25 -> 0 | I15: ='Barn - Front Rack'!P25 -> 0
A16: Level 3 | B16: ='Barn - Front Rack'!B42 -> 9 | C16: ='Barn - Front Rack'!D42 -> 0 | D16: ='Barn - Front Rack'!F42 -> 0 | E16: ='Barn - Front Rack'!H42 -> 0 | F16: ='Barn - Front Rack'!J42 -> 3 | G16: ='Barn - Front Rack'!L42 -> 0 | H16: ='Barn - Front Rack'!N42 -> 2 | I16: ='Barn - Front Rack'!P42 -> 0
A17: Level 2 | B17: ='Barn - Front Rack'!B59 -> 9 | C17: ='Barn - Front Rack'!D59 -> 6 | D17: ='Barn - Front Rack'!F59 -> 8 | E17: ='Barn - Front Rack'!H59 -> 7 | F17: ='Barn - Front Rack'!J59 -> 2 | G17: ='Barn - Front Rack'!L59 -> 1 | H17: ='Barn - Front Rack'!N59 -> 3 | I17: ='Barn - Front Rack'!P59 -> 0
A18: Level 1 (Floor) | B18: ='Barn - Front Rack'!B76 -> 8 | C18: ='Barn - Front Rack'!D76 -> 0 | D18: ='Barn - Front Rack'!F76 -> 0 | E18: ='Barn - Front Rack'!H76 -> 8 | F18: ='Barn - Front Rack'!J76 -> 2 | G18: ='Barn - Front Rack'!L76 -> 2 | H18: ='Barn - Front Rack'!N76 -> 2 | I18: ='Barn - Front Rack'!P76 -> 0
A19: PALLET TOTAL | B19: =SUM(B15:B18) -> 36 | C19: =SUM(C15:C18) -> 6 | D19: =SUM(D15:D18) -> 8 | E19: =SUM(E15:E18) -> 15 | F19: =SUM(F15:F18) -> 7 | G19: =SUM(G15:G18) -> 3 | H19: =SUM(H15:H18) -> 7 | I19: =SUM(I15:I18) -> 0
A20: Sections: S1 = J+K · S2 = L+M · S3 = N+O · S4 = P+Q. This rack stands directly in front of back-rack pallets J–Q — pull from the front rack first.

Sheet Ready Models
A1: READY MODELS — total equipment ready, by model and location
A2: HOW TO USE: This whole tab is automatic — there is nothing to type here. The model list builds itself, in alphabetical order, from every entry across the Barn racks, the Equipment by Location tab and the SA & Dallas Warehouses tab, so a model you add anywhere shows up here on its own. Quantities are split by location and rolled into one total per model. Dispensers (Section S3 in the Barn) and Modules (SA & Dallas) are logged by QTY and are shown in their own columns, so they are held out of the equipment headline. Put a customer in parentheses after a model name anywhere in the workbook — e.g. Bunn ITCB (Coco’s) — and the unit still counts toward its model while the customer is captured in Notes and in the Customer-Owned Equipment table below.
A3: LIVE TOTALS — every location
A4: TOTAL EQUIPMENT READY (all locations, excl. dispensers & modules) | B4: BARN BACK RACK | C4: BARN FRONT RACK | D4: FRONT LOBBY | E4: SERVICE ROOM | F4: PRODUCTION | G4: TRAINING ROOM | H4: OUT OF STATE | I4: SAN ANTONIO (equip. only) | J4: DALLAS (equip. only) | K4: DISPENSER UNITS (accessories) | L4: MODULES (SA + Dallas) | M4: DISTINCT MODELS | N4: CUSTOMER-OWNED UNITS
A5: =SUM($K$8:$K$157)-SUM($L$8:$L$157)-SUM($M$8:$M$157) -> 279 | B5: =SUM($B$8:$B$157)-SUM($L$8:$L$157) -> 143 | C5: =SUM($C$8:$C$157) -> 82 | D5: =SUM($D$8:$D$157) -> 9 | E5: =SUM($E$8:$E$157) -> 8 | F5: =SUM($F$8:$F$157) -> 12 | G5: =SUM($G$8:$G$157) -> 14 | H5: =SUM($H$8:$H$157) -> 1 | I5: =SUM($I$8:$I$157)-SUMIFS('Equipment Index'!$F$2:$F$1513,'Equipment Index'!$C$2:$C$1513,"MOD",'Equipment Index'!$A$2:$A$1513,"San Antonio") -> 10 | J5: =SUM($J$8:$J$157)-SUMIFS('Equipment Index'!$F$2:$F$1513,'Equipment Index'!$C$2:$C$1513,"MOD",'Equipment Index'!$A$2:$A$1513,"Dallas") -> 0 | K5: =SUM($L$8:$L$157) -> 146 | L5: =SUM($M$8:$M$157) -> 0 | M5: =SUMPRODUCT(($A$8:$A$157<>"")*1) -> 86 | N5: =COUNTIF('Equipment Index'!$H$2:$H$1513,"?*") -> 5
A6: Barn capacity: back rack 672 equipment slots + 96 dispenser lines (Section S3); front rack 384. Front Lobby, Service Room, Production, Training Room and Out of State hold 40 lines each; SA and Dallas hold 40 equipment lines and 40 module lines each.
A7: Model | B7: Barn – Back Rack | C7: Barn – Front Rack | D7: Front Lobby | E7: Service Room | F7: Production | G7: Training Room | H7: Out of State | I7: San Antonio | J7: Dallas | K7: TOTAL READY | L7: of which: Dispenser Units | M7: of which: Modules | N7: Notes (auto)
A8: =IFERROR(INDEX('Equipment Index'!$G$2:$G$1513,MATCH(ROW()-7,'Equipment Index'!$J$2:$J$1513,0)),"") -> Bauhuas 2 Group | B8: =IF($A8="","",SUMIFS('Equipment Index'!$F$2:$F$1513,'Equipment Index'!$G$2:$G$1513,$A8,'Equipment Index'!$A$2:$A$1513,"Barn - Back Rack")) -> 0 | C8: =IF($A8="","",SUMIFS('Equipment Index'!$F$2:$F$1513,'Equipment Index'!$G$2:$G$1513,$A8,'Equipment Index'!$A$2:$A$1513,"Barn - Front Rack")) -> 1 | D8: =IF($A8="","",SUMIFS('Equipment Index'!$F$2:$F$1513,'Equipment Index'!$G$2:$G$1513,$A8,'Equipment Index'!$A$2:$A$1513,"Front Lobby")) -> 0 | E8: =IF($A8="","",SUMIFS('Equipment Index'!$F$2:$F$1513,'Equipment Index'!$G$2:$G$1513,$A8,'Equipment Index'!$A$2:$A$1513,"Service Room")) -> 0 | F8: =IF($A8="","",SUMIFS('Equipment Index'!$F$2:$F$1513,'Equipment Index'!$G$2:$G$1513,$A8,'Equipment Index'!$A$2:$A$1513,"Production")) -> 0 | G8: =IF($A8="","",SUMIFS('Equipment Index'!$F$2:$F$1513,'Equipment Index'!$G$2:$G$1513,$A8,'Equipment Index'!$A$2:$A$1513,"Training Room")) -> 0 | H8: =IF($A8="","",SUMIFS('Equipment Index'!$F$2:$F$1513,'Equipment Index'!$G$2:$G$1513,$A8,'Equipment Index'!$A$2:$A$1513,"Out of State")) -> 0 | I8: =IF($A8="","",SUMIFS('Equipment Index'!$F$2:$F$1513,'Equipment Index'!$G$2:$G$1513,$A8,'Equipment Index'!$A$2:$A$1513,"San Antonio")) -> 0 | J8: =IF($A8="","",SUMIFS('Equipment Index'!$F$2:$F$1513,'Equipment Index'!$G$2:$G$1513,$A8,'Equipment Index'!$A$2:$A$1513,"Dallas")) -> 0 | K8: =IF($A8="","",SUM($B8:$J8)) -> 1 | L8: =IF($A8="","",SUMIFS('Equipment Index'!$F$2:$F$1513,'Equipment Index'!$G$2:$G$1513,$A8,'Equipment Index'!$C$2:$C$1513,"DISP")) -> 0 | M8: =IF($A8="","",SUMIFS('Equipment Index'!$F$2:$F$1513,'Equipment Index'!$G$2:$G$1513,$A8,'Equipment Index'!$C$2:$C$1513,"MOD")) -> 0 | N8: =IF($A8="","",IF(COUNTIFS('Equipment Index'!$G$2:$G$1513,$A8,'Equipment Index'!$H$2:$H$1513,"?*")=0,"","Customer-owned — "&COUNTIFS('Equipment Index'!$G$2:$G$1513,$A8,'Equipment Index'!$H$2:$H$1513,"?*")&" unit(s): "&IFERROR(INDEX('Equipment Index'!$H$2:$H$1513,SUMPRODUCT(MATCH(1,('Equipment Index'!$G$2:$G$1513=$A8)*('Equipment Index'!$H$2:$H$1513<>""),0))),"")&IF(COUNTIFS('Equipment Index'!$G$2:$G$1513,$A8,'Equipment Index'!$H$2:$H$1513,"?*")>1," + see table below","")))
A9: =IFERROR(INDEX('Equipment Index'!$G$2:$G$1513,MATCH(ROW()-7,'Equipment Index'!$J$2:$J$1513,0)),"") -> BNP 1.9L Carafes | B9: =IF($A9="","",SUMIFS('Equipment Index'!$F$2:$F$1513,'Equipment Index'!$G$2:$G$1513,$A9,'Equipment Index'!$A$2:$A$1513,"Barn - Back Rack")) -> 36 | C9: =IF($A9="","",SUMIFS('Equipment Index'!$F$2:$F$1513,'Equipment Index'!$G$2:$G$1513,$A9,'Equipment Index'!$A$2:$A$1513,"Barn - Front Rack")) -> 0 | D9: =IF($A9="","",SUMIFS('Equipment Index'!$F$2:$F$1513,'Equipment Index'!$G$2:$G$1513,$A9,'Equipment Index'!$A$2:$A$1513,"Front Lobby")) -> 0 | E9: =IF($A9="","",SUMIFS('Equipment Index'!$F$2:$F$1513,'Equipment Index'!$G$2:$G$1513,$A9,'Equipment Index'!$A$2:$A$1513,"Service Room")) -> 0 | F9: =IF($A9="","",SUMIFS('Equipment Index'!$F$2:$F$1513,'Equipment Index'!$G$2:$G$1513,$A9,'Equipment Index'!$A$2:$A$1513,"Production")) -> 0 | G9: =IF($A9="","",SUMIFS('Equipment Index'!$F$2:$F$1513,'Equipment Index'!$G$2:$G$1513,$A9,'Equipment Index'!$A$2:$A$1513,"Training Room")) -> 0 | H9: =IF($A9="","",SUMIFS('Equipment Index'!$F$2:$F$1513,'Equipment Index'!$G$2:$G$1513,$A9,'Equipment Index'!$A$2:$A$1513,"Out of State")) -> 0 | I9: =IF($A9="","",SUMIFS('Equipment Index'!$F$2:$F$1513,'Equipment Index'!$G$2:$G$1513,$A9,'Equipment Index'!$A$2:$A$1513,"San Antonio")) -> 0 | J9: =IF($A9="","",SUMIFS('Equipment Index'!$F$2:$F$1513,'Equipment Index'!$G$2:$G$1513,$A9,'Equipment Index'!$A$2:$A$1513,"Dallas")) -> 0 | K9: =IF($A9="","",SUM($B9:$J9)) -> 36 | L9: =IF($A9="","",SUMIFS('Equipment Index'!$F$2:$F$1513,'Equipment Index'!$G$2:$G$1513,$A9,'Equipment Index'!$C$2:$C$1513,"DISP")) -> 36 | M9: =IF($A9="","",SUMIFS('Equipment Index'!$F$2:$F$1513,'Equipment Index'!$G$2:$G$1513,$A9,'Equipment Index'!$C$2:$C$1513,"MOD")) -> 0 | N9: =IF($A9="","",IF(COUNTIFS('Equipment Index'!$G$2:$G$1513,$A9,'Equipment Index'!$H$2:$H$1513,"?*")=0,"","Customer-owned — "&COUNTIFS('Equipment Index'!$G$2:$G$1513,$A9,'Equipment Index'!$H$2:$H$1513,"?*")&" unit(s): "&IFERROR(INDEX('Equipment Index'!$H$2:$H$1513,SUMPRODUCT(MATCH(1,('Equipment Index'!$G$2:$G$1513=$A9)*('Equipment Index'!$H$2:$H$1513<>""),0))),"")&IF(COUNTIFS('Equipment Index'!$G$2:$G$1513,$A9,'Equipment Index'!$H$2:$H$1513,"?*")>1," + see table below","")))
A10: =IFERROR(INDEX('Equipment Index'!$G$2:$G$1513,MATCH(ROW()-7,'Equipment Index'!$J$2:$J$1513,0)),"") -> Bravilor Esprecious 22 | B10: =IF($A10="","",SUMIFS('Equipment Index'!$F$2:$F$1513,'Equipment Index'!$G$2:$G$1513,$A10,'Equipment Index'!$A$2:$A$1513,"Barn - Back Rack")) -> 0 | C10: =IF($A10="","",SUMIFS('Equipment Index'!$F$2:$F$1513,'Equipment Index'!$G$2:$G$1513,$A10,'Equipment Index'!$A$2:$A$1513,"Barn - Front Rack")) -> 1 | D10: =IF($A10="","",SUMIFS('Equipment Index'!$F$2:$F$1513,'Equipment Index'!$G$2:$G$1513,$A10,'Equipment Index'!$A$2:$A$1513,"Front Lobby")) -> 0 | E10: =IF($A10="","",SUMIFS('Equipment Index'!$F$2:$F$1513,'Equipment Index'!$G$2:$G$1513,$A10,'Equipment Index'!$A$2:$A$1513,"Service Room")) -> 0 | F10: =IF($A10="","",SUMIFS('Equipment Index'!$F$2:$F$1513,'Equipment Index'!$G$2:$G$1513,$A10,'Equipment Index'!$A$2:$A$1513,"Production")) -> 0 | G10: =IF($A10="","",SUMIFS('Equipment Index'!$F$2:$F$1513,'Equipment Index'!$G$2:$G$1513,$A10,'Equipment Index'!$A$2:$A$1513,"Training Room")) -> 0 | H10: =IF($A10="","",SUMIFS('Equipment Index'!$F$2:$F$1513,'Equipment Index'!$G$2:$G$1513,$A10,'Equipment Index'!$A$2:$A$1513,"Out of State")) -> 0 | I10: =IF($A10="","",SUMIFS('Equipment Index'!$F$2:$F$1513,'Equipment Index'!$G$2:$G$1513,$A10,'Equipment Index'!$A$2:$A$1513,"San Antonio")) -> 0 | J10: =IF($A10="","",SUMIFS('Equipment Index'!$F$2:$F$1513,'Equipment Index'!$G$2:$G$1513,$A10,'Equipment Index'!$A$2:$A$1513,"Dallas")) -> 0 | K10: =IF($A10="","",SUM($B10:$J10)) -> 1 | L10: =IF($A10="","",SUMIFS('Equipment Index'!$F$2:$F$1513,'Equipment Index'!$G$2:$G$1513,$A10,'Equipment Index'!$C$2:$C$1513,"DISP")) -> 0 | M10: =IF($A10="","",SUMIFS('Equipment Index'!$F$2:$F$1513,'Equipment Index'!$G$2:$G$1513,$A10,'Equipment Index'!$C$2:$C$1513,"MOD")) -> 0 | N10: =IF($A10="","",IF(COUNTIFS('Equipment Index'!$G$2:$G$1513,$A10,'Equipment Index'!$H$2:$H$1513,"?*")=0,"","Customer-owned — "&COUNTIFS('Equipment Index'!$G$2:$G$1513,$A10,'Equipment Index'!$H$2:$H$1513,"?*")&" unit(s): "&IFERROR(INDEX('Equipment Index'!$H$2:$H$1513,SUMPRODUCT(MATCH(1,('Equipment Index'!$G$2:$G$1513=$A10)*('Equipment Index'!$H$2:$H$1513<>""),0))),"")&IF(COUNTIFS('Equipment Index'!$G$2:$G$1513,$A10,'Equipment Index'!$H$2:$H$1513,"?*")>1," + see table below","")))
A11: =IFERROR(INDEX('Equipment Index'!$G$2:$G$1513,MATCH(ROW()-7,'Equipment Index'!$J$2:$J$1513,0)),"") -> Bunn Axiom-15-2U1L | B11: =IF($A11="","",SUMIFS('Equipment Index'!$F$2:$F$1513,'Equipment Index'!$G$2:$G$1513,$A11,'Equipment Index'!$A$2:$A$1513,"Barn - Back Rack")) -> 4 | C11: =IF($A11="","",SUMIFS('Equipment Index'!$F$2:$F$1513,'Equipment Index'!$G$2:$G$1513,$A11,'Equipment Index'!$A$2:$A$1513,"Barn - Front Rack")) -> 0 | D11: =IF($A11="","",SUMIFS('Equipment Index'!$F$2:$F$1513,'Equipment Index'!$G$2:$G$1513,$A11,'Equipment Index'!$A$2:$A$1513,"Front Lobby")) -> 0 | E11: =IF($A11="","",SUMIFS('Equipment Index'!$F$2:$F$1513,'Equipment Index'!$G$2:$G$1513,$A11,'Equipment Index'!$A$2:$A$1513,"Service Room")) -> 0 | F11: =IF($A11="","",SUMIFS('Equipment Index'!$F$2:$F$1513,'Equipment Index'!$G$2:$G$1513,$A11,'Equipment Index'!$A$2:$A$1513,"Production")) -> 0 | G11: =IF($A11="","",SUMIFS('Equipment Index'!$F$2:$F$1513,'Equipment Index'!$G$2:$G$1513,$A11,'Equipment Index'!$A$2:$A$1513,"Training Room")) -> 0 | H11: =IF($A11="","",SUMIFS('Equipment Index'!$F$2:$F$1513,'Equipment Index'!$G$2:$G$1513,$A11,'Equipment Index'!$A$2:$A$1513,"Out of State")) -> 0 | I11: =IF($A11="","",SUMIFS('Equipment Index'!$F$2:$F$1513,'Equipment Index'!$G$2:$G$1513,$A11,'Equipment Index'!$A$2:$A$1513,"San Antonio")) -> 0 | J11: =IF($A11="","",SUMIFS('Equipment Index'!$F$2:$F$1513,'Equipment Index'!$G$2:$G$1513,$A11,'Equipment Index'!$A$2:$A$1513,"Dallas")) -> 0 | K11: =IF($A11="","",SUM($B11:$J11)) -> 4 | L11: =IF($A11="","",SUMIFS('Equipment Index'!$F$2:$F$1513,'Equipment Index'!$G$2:$G$1513,$A11,'Equipment Index'!$C$2:$C$1513,"DISP")) -> 0 | M11: =IF($A11="","",SUMIFS('Equipment Index'!$F$2:$F$1513,'Equipment Index'!$G$2:$G$1513,$A11,'Equipment Index'!$C$2:$C$1513,"MOD")) -> 0 | N11: =IF($A11="","",IF(COUNTIFS('Equipment Index'!$G$2:$G$1513,$A11,'Equipment Index'!$H$2:$H$1513,"?*")=0,"","Customer-owned — "&COUNTIFS('Equipment Index'!$G$2:$G$1513,$A11,'Equipment Index'!$H$2:$H$1513,"?*")&" unit(s): "&IFERROR(INDEX('Equipment Index'!$H$2:$H$1513,SUMPRODUCT(MATCH(1,('Equipment Index'!$G$2:$G$1513=$A11)*('Equipment Index'!$H$2:$H$1513<>""),0))),"")&IF(COUNTIFS('Equipment Index'!$G$2:$G$1513,$A11,'Equipment Index'!$H$2:$H$1513,"?*")>1," + see table below","")))
A12: =IFERROR(INDEX('Equipment Index'!$G$2:$G$1513,MATCH(ROW()-7,'Equipment Index'!$J$2:$J$1513,0)),"") -> Bunn Axiom-APS | B12: =IF($A12="","",SUMIFS('Equipment Index'!$F$2:$F$1513,'Equipment Index'!$G$2:$G$1513,$A12,'Equipment Index'!$A$2:$A$1513,"Barn - Back Rack")) -> 20 | C12: =IF($A12="","",SUMIFS('Equipment Index'!$F$2:$F$1513,'Equipment Index'!$G$2:$G$1513,$A12,'Equipment Index'!$A$2:$A$1513,"Barn - Front Rack")) -> 6 | D12: =IF($A12="","",SUMIFS('Equipment Index'!$F$2:$F$1513,'Equipment Index'!$G$2:$G$1513,$A12,'Equipment Index'!$A$2:$A$1513,"Front Lobby")) -> 0 | E12: =IF($A12="","",SUMIFS('Equipment Index'!$F$2:$F$1513,'Equipment Index'!$G$2:$G$1513,$A12,'Equipment Index'!$A$2:$A$1513,"Service Room")) -> 0 | F12: =IF($A12="","",SUMIFS('Equipment Index'!$F$2:$F$1513,'Equipment Index'!$G$2:$G$1513,$A12,'Equipment Index'!$A$2:$A$1513,"Production")) -> 0 | G12: =IF($A12="","",SUMIFS('Equipment Index'!$F$2:$F$1513,'Equipment Index'!$G$2:$G$1513,$A12,'Equipment Index'!$A$2:$A$1513,"Training Room")) -> 0 | H12: =IF($A12="","",SUMIFS('Equipment Index'!$F$2:$F$1513,'Equipment Index'!$G$2:$G$1513,$A12,'Equipment Index'!$A$2:$A$1513,"Out of State")) -> 0 | I12: =IF($A12="","",SUMIFS('Equipment Index'!$F$2:$F$1513,'Equipment Index'!$G$2:$G$1513,$A12,'Equipment Index'!$A$2:$A$1513,"San Antonio")) -> 0 | J12: =IF($A12="","",SUMIFS('Equipment Index'!$F$2:$F$1513,'Equipment Index'!$G$2:$G$1513,$A12,'Equipment Index'!$A$2:$A$1513,"Dallas")) -> 0 | K12: =IF($A12="","",SUM($B12:$J12)) -> 26 | L12: =IF($A12="","",SUMIFS('Equipment Index'!$F$2:$F$1513,'Equipment Index'!$G$2:$G$1513,$A12,'Equipment Index'!$C$2:$C$1513,"DISP")) -> 0 | M12: =IF($A12="","",SUMIFS('Equipment Index'!$F$2:$F$1513,'Equipment Index'!$G$2:$G$1513,$A12,'Equipment Index'!$C$2:$C$1513,"MOD")) -> 0 | N12: =IF($A12="","",IF(COUNTIFS('Equipment Index'!$G$2:$G$1513,$A12,'Equipment Index'!$H$2:$H$1513,"?*")=0,"","Customer-owned — "&COUNTIFS('Equipment Index'!$G$2:$G$1513,$A12,'Equipment Index'!$H$2:$H$1513,"?*")&" unit(s): "&IFERROR(INDEX('Equipment Index'!$H$2:$H$1513,SUMPRODUCT(MATCH(1,('Equipment Index'!$G$2:$G$1513=$A12)*('Equipment Index'!$H$2:$H$1513<>""),0))),"")&IF(COUNTIFS('Equipment Index'!$G$2:$G$1513,$A12,'Equipment Index'!$H$2:$H$1513,"?*")>1," + see table below","")))
A13: =IFERROR(INDEX('Equipment Index'!$G$2:$G$1513,MATCH(ROW()-7,'Equipment Index'!$J$2:$J$1513,0)),"") -> Bunn CWTF-15-2U1L | B13: =IF($A13="","",SUMIFS('Equipment Index'!$F$2:$F$1513,'Equipment Index'!$G$2:$G$1513,$A13,'Equipment Index'!$A$2:$A$1513,"Barn - Back Rack")) -> 3 | C13: =IF($A13="","",SUMIFS('Equipment Index'!$F$2:$F$1513,'Equipment Index'!$G$2:$G$1513,$A13,'Equipment Index'!$A$2:$A$1513,"Barn - Front Rack")) -> 0 | D13: =IF($A13="","",SUMIFS('Equipment Index'!$F$2:$F$1513,'Equipment Index'!$G$2:$G$1513,$A13,'Equipment Index'!$A$2:$A$1513,"Front Lobby")) -> 0 | E13: =IF($A13="","",SUMIFS('Equipment Index'!$F$2:$F$1513,'Equipment Index'!$G$2:$G$1513,$A13,'Equipment Index'!$A$2:$A$1513,"Service Room")) -> 0 | F13: =IF($A13="","",SUMIFS('Equipment Index'!$F$2:$F$1513,'Equipment Index'!$G$2:$G$1513,$A13,'Equipment Index'!$A$2:$A$1513,"Production")) -> 0 | G13: =IF($A13="","",SUMIFS('Equipment Index'!$F$2:$F$1513,'Equipment Index'!$G$2:$G$1513,$A13,'Equipment Index'!$A$2:$A$1513,"Training Room")) -> 0 | H13: =IF($A13="","",SUMIFS('Equipment Index'!$F$2:$F$1513,'Equipment Index'!$G$2:$G$1513,$A13,'Equipment Index'!$A$2:$A$1513,"Out of State")) -> 0 | I13: =IF($A13="","",SUMIFS('Equipment Index'!$F$2:$F$1513,'Equipment Index'!$G$2:$G$1513,$A13,'Equipment Index'!$A$2:$A$1513,"San Antonio")) -> 0 | J13: =IF($A13="","",SUMIFS('Equipment Index'!$F$2:$F$1513,'Equipment Index'!$G$2:$G$1513,$A13,'Equipment Index'!$A$2:$A$1513,"Dallas")) -> 0 | K13: =IF($A13="","",SUM($B13:$J13)) -> 3 | L13: =IF($A13="","",SUMIFS('Equipment Index'!$F$2:$F$1513,'Equipment Index'!$G$2:$G$1513,$A13,'Equipment Index'!$C$2:$C$1513,"DISP")) -> 0 | M13: =IF($A13="","",SUMIFS('Equipment Index'!$F$2:$F$1513,'Equipment Index'!$G$2:$G$1513,$A13,'Equipment Index'!$C$2:$C$1513,"MOD")) -> 0 | N13: =IF($A13="","",IF(COUNTIFS('Equipment Index'!$G$2:$G$1513,$A13,'Equipment Index'!$H$2:$H$1513,"?*")=0,"","Customer-owned — "&COUNTIFS('Equipment Index'!$G$2:$G$1513,$A13,'Equipment Index'!$H$2:$H$1513,"?*")&" unit(s): "&IFERROR(INDEX('Equipment Index'!$H$2:$H$1513,SUMPRODUCT(MATCH(1,('Equipment Index'!$G$2:$G$1513=$A13)*('Equipment Index'!$H$2:$H$1513<>""),0))),"")&IF(COUNTIFS('Equipment Index'!$G$2:$G$1513,$A13,'Equipment Index'!$H$2:$H$1513,"?*")>1," + see table below","")))
A14: =IFERROR(INDEX('Equipment Index'!$G$2:$G$1513,MATCH(ROW()-7,'Equipment Index'!$J$2:$J$1513,0)),"") -> Bunn CWTF-APS | B14: =IF($A14="","",SUMIFS('Equipment Index'!$F$2:$F$1513,'Equipment Index'!$G$2:$G$1513,$A14,'Equipment Index'!$A$2:$A$1513,"Barn - Back Rack")) -> 0 | C14: =IF($A14="","",SUMIFS('Equipment Index'!$F$2:$F$1513,'Equipment Index'!$G$2:$G$1513,$A14,'Equipment Index'!$A$2:$A$1513,"Barn - Front Rack")) -> 0 | D14: =IF($A14="","",SUMIFS('Equipment Index'!$F$2:$F$1513,'Equipment Index'!$G$2:$G$1513,$A14,'Equipment Index'!$A$2:$A$1513,"Front Lobby")) -> 0 | E14: =IF($A14="","",SUMIFS('Equipment Index'!$F$2:$F$1513,'Equipment Index'!$G$2:$G$1513,$A14,'Equipment Index'!$A$2:$A$1513,"Service Room")) -> 1 | F14: =IF($A14="","",SUMIFS('Equipment Index'!$F$2:$F$1513,'Equipment Index'!$G$2:$G$1513,$A14,'Equipment Index'!$A$2:$A$1513,"Production")) -> 0 | G14: =IF($A14="","",SUMIFS('Equipment Index'!$F$2:$F$1513,'Equipment Index'!$G$2:$G$1513,$A14,'Equipment Index'!$A$2:$A$1513,"Training Room")) -> 0 | H14: =IF($A14="","",SUMIFS('Equipment Index'!$F$2:$F$1513,'Equipment Index'!$G$2:$G$1513,$A14,'Equipment Index'!$A$2:$A$1513,"Out of State")) -> 0 | I14: =IF($A14="","",SUMIFS('Equipment Index'!$F$2:$F$1513,'Equipment Index'!$G$2:$G$1513,$A14,'Equipment Index'!$A$2:$A$1513,"San Antonio")) -> 0 | J14: =IF($A14="","",SUMIFS('Equipment Index'!$F$2:$F$1513,'Equipment Index'!$G$2:$G$1513,$A14,'Equipment Index'!$A$2:$A$1513,"Dallas")) -> 0 | K14: =IF($A14="","",SUM($B14:$J14)) -> 1 | L14: =IF($A14="","",SUMIFS('Equipment Index'!$F$2:$F$1513,'Equipment Index'!$G$2:$G$1513,$A14,'Equipment Index'!$C$2:$C$1513,"DISP")) -> 0 | M14: =IF($A14="","",SUMIFS('Equipment Index'!$F$2:$F$1513,'Equipment Index'!$G$2:$G$1513,$A14,'Equipment Index'!$C$2:$C$1513,"MOD")) -> 0 | N14: =IF($A14="","",IF(COUNTIFS('Equipment Index'!$G$2:$G$1513,$A14,'Equipment Index'!$H$2:$H$1513,"?*")=0,"","Customer-owned — "&COUNTIFS('Equipment Index'!$G$2:$G$1513,$A14,'Equipment Index'!$H$2:$H$1513,"?*")&" unit(s): "&IFERROR(INDEX('Equipment Index'!$H$2:$H$1513,SUMPRODUCT(MATCH(1,('Equipment Index'!$G$2:$G$1513=$A14)*('Equipment Index'!$H$2:$H$1513<>""),0))),"")&IF(COUNTIFS('Equipment Index'!$G$2:$G$1513,$A14,'Equipment Index'!$H$2:$H$1513,"?*")>1," + see table below","")))
A15: =IFERROR(INDEX('Equipment Index'!$G$2:$G$1513,MATCH(ROW()-7,'Equipment Index'!$J$2:$J$1513,0)),"") -> Bunn CWTF-APS Twin | B15: =IF($A15="","",SUMIFS('Equipment Index'!$F$2:$F$1513,'Equipment Index'!$G$2:$G$1513,$A15,'Equipment Index'!$A$2:$A$1513,"Barn - Back Rack")) -> 2 | C15: =IF($A15="","",SUMIFS('Equipment Index'!$F$2:$F$1513,'Equipment Index'!$G$2:$G$1513,$A15,'Equipment Index'!$A$2:$A$1513,"Barn - Front Rack")) -> 0 | D15: =IF($A15="","",SUMIFS('Equipment Index'!$F$2:$F$1513,'Equipment Index'!$G$2:$G$1513,$A15,'Equipment Index'!$A$2:$A$1513,"Front Lobby")) -> 0 | E15: =IF($A15="","",SUMIFS('Equipment Index'!$F$2:$F$1513,'Equipment Index'!$G$2:$G$1513,$A15,'Equipment Index'!$A$2:$A$1513,"Service Room")) -> 0 | F15: =IF($A15="","",SUMIFS('Equipment Index'!$F$2:$F$1513,'Equipment Index'!$G$2:$G$1513,$A15,'Equipment Index'!$A$2:$A$1513,"Production")) -> 0 | G15: =IF($A15="","",SUMIFS('Equipment Index'!$F$2:$F$1513,'Equipment Index'!$G$2:$G$1513,$A15,'Equipment Index'!$A$2:$A$1513,"Training Room")) -> 0 | H15: =IF($A15="","",SUMIFS('Equipment Index'!$F$2:$F$1513,'Equipment Index'!$G$2:$G$1513,$A15,'Equipment Index'!$A$2:$A$1513,"Out of State")) -> 0 | I15: =IF($A15="","",SUMIFS('Equipment Index'!$F$2:$F$1513,'Equipment Index'!$G$2:$G$1513,$A15,'Equipment Index'!$A$2:$A$1513,"San Antonio")) -> 0 | J15: =IF($A15="","",SUMIFS('Equipment Index'!$F$2:$F$1513,'Equipment Index'!$G$2:$G$1513,$A15,'Equipment Index'!$A$2:$A$1513,"Dallas")) -> 0 | K15: =IF($A15="","",SUM($B15:$J15)) -> 2 | L15: =IF($A15="","",SUMIFS('Equipment Index'!$F$2:$F$1513,'Equipment Index'!$G$2:$G$1513,$A15,'Equipment Index'!$C$2:$C$1513,"DISP")) -> 0 | M15: =IF($A15="","",SUMIFS('Equipment Index'!$F$2:$F$1513,'Equipment Index'!$G$2:$G$1513,$A15,'Equipment Index'!$C$2:$C$1513,"MOD")) -> 0 | N15: =IF($A15="","",IF(COUNTIFS('Equipment Index'!$G$2:$G$1513,$A15,'Equipment Index'!$H$2:$H$1513,"?*")=0,"","Customer-owned — "&COUNTIFS('Equipment Index'!$G$2:$G$1513,$A15,'Equipment Index'!$H$2:$H$1513,"?*")&" unit(s): "&IFERROR(INDEX('Equipment Index'!$H$2:$H$1513,SUMPRODUCT(MATCH(1,('Equipment Index'!$G$2:$G$1513=$A15)*('Equipment Index'!$H$2:$H$1513<>""),0))),"")&IF(COUNTIFS('Equipment Index'!$G$2:$G$1513,$A15,'Equipment Index'!$H$2:$H$1513,"?*")>1," + see table below","")))
A16: =IFERROR(INDEX('Equipment Index'!$G$2:$G$1513,MATCH(ROW()-7,'Equipment Index'!$J$2:$J$1513,0)),"") -> Bunn CWTF-TC Twin | B16: =IF($A16="","",SUMIFS('Equipment Index'!$F$2:$F$1513,'Equipment Index'!$G$2:$G$1513,$A16,'Equipment Index'!$A$2:$A$1513,"Barn - Back Rack")) -> 3 | C16: =IF($A16="","",SUMIFS('Equipment Index'!$F$2:$F$1513,'Equipment Index'!$G$2:$G$1513,$A16,'Equipment Index'!$A$2:$A$1513,"Barn - Front Rack")) -> 0 | D16: =IF($A16="","",SUMIFS('Equipment Index'!$F$2:$F$1513,'Equipment Index'!$G$2:$G$1513,$A16,'Equipment Index'!$A$2:$A$1513,"Front Lobby")) -> 0 | E16: =IF($A16="","",SUMIFS('Equipment Index'!$F$2:$F$1513,'Equipment Index'!$G$2:$G$1513,$A16,'Equipment Index'!$A$2:$A$1513,"Service Room")) -> 0 | F16: =IF($A16="","",SUMIFS('Equipment Index'!$F$2:$F$1513,'Equipment Index'!$G$2:$G$1513,$A16,'Equipment Index'!$A$2:$A$1513,"Production")) -> 0 | G16: =IF($A16="","",SUMIFS('Equipment Index'!$F$2:$F$1513,'Equipment Index'!$G$2:$G$1513,$A16,'Equipment Index'!$A$2:$A$1513,"Training Room")) -> 0 | H16: =IF($A16="","",SUMIFS('Equipment Index'!$F$2:$F$1513,'Equipment Index'!$G$2:$G$1513,$A16,'Equipment Index'!$A$2:$A$1513,"Out of State")) -> 0 | I16: =IF($A16="","",SUMIFS('Equipment Index'!$F$2:$F$1513,'Equipment Index'!$G$2:$G$1513,$A16,'Equipment Index'!$A$2:$A$1513,"San Antonio")) -> 0 | J16: =IF($A16="","",SUMIFS('Equipment Index'!$F$2:$F$1513,'Equipment Index'!$G$2:$G$1513,$A16,'Equipment Index'!$A$2:$A$1513,"Dallas")) -> 0 | K16: =IF($A16="","",SUM($B16:$J16)) -> 3 | L16: =IF($A16="","",SUMIFS('Equipment Index'!$F$2:$F$1513,'Equipment Index'!$G$2:$G$1513,$A16,'Equipment Index'!$C$2:$C$1513,"DISP")) -> 0 | M16: =IF($A16="","",SUMIFS('Equipment Index'!$F$2:$F$1513,'Equipment Index'!$G$2:$G$1513,$A16,'Equipment Index'!$C$2:$C$1513,"MOD")) -> 0 | N16: =IF($A16="","",IF(COUNTIFS('Equipment Index'!$G$2:$G$1513,$A16,'Equipment Index'!$H$2:$H$1513,"?*")=0,"","Customer-owned — "&COUNTIFS('Equipment Index'!$G$2:$G$1513,$A16,'Equipment Index'!$H$2:$H$1513,"?*")&" unit(s): "&IFERROR(INDEX('Equipment Index'!$H$2:$H$1513,SUMPRODUCT(MATCH(1,('Equipment Index'!$G$2:$G$1513=$A16)*('Equipment Index'!$H$2:$H$1513<>""),0))),"")&IF(COUNTIFS('Equipment Index'!$G$2:$G$1513,$A16,'Equipment Index'!$H$2:$H$1513,"?*")>1," + see table below","")))
A17: =IFERROR(INDEX('Equipment Index'!$G$2:$G$1513,MATCH(ROW()-7,'Equipment Index'!$J$2:$J$1513,0)),"") -> Bunn FPG-2E | B17: =IF($A17="","",SUMIFS('Equipment Index'!$F$2:$F$1513,'Equipment Index'!$G$2:$G$1513,$A17,'Equipment Index'!$A$2:$A$1513,"Barn - Back Rack")) -> 2 | C17: =IF($A17="","",SUMIFS('Equipment Index'!$F$2:$F$1513,'Equipment Index'!$G$2:$G$1513,$A17,'Equipment Index'!$A$2:$A$1513,"Barn - Front Rack")) -> 0 | D17: =IF($A17="","",SUMIFS('Equipment Index'!$F$2:$F$1513,'Equipment Index'!$G$2:$G$1513,$A17,'Equipment Index'!$A$2:$A$1513,"Front Lobby")) -> 0 | E17: =IF($A17="","",SUMIFS('Equipment Index'!$F$2:$F$1513,'Equipment Index'!$G$2:$G$1513,$A17,'Equipment Index'!$A$2:$A$1513,"Service Room")) -> 0 | F17: =IF($A17="","",SUMIFS('Equipment Index'!$F$2:$F$1513,'Equipment Index'!$G$2:$G$1513,$A17,'Equipment Index'!$A$2:$A$1513,"Production")) -> 0 | G17: =IF($A17="","",SUMIFS('Equipment Index'!$F$2:$F$1513,'Equipment Index'!$G$2:$G$1513,$A17,'Equipment Index'!$A$2:$A$1513,"Training Room")) -> 0 | H17: =IF($A17="","",SUMIFS('Equipment Index'!$F$2:$F$1513,'Equipment Index'!$G$2:$G$1513,$A17,'Equipment Index'!$A$2:$A$1513,"Out of State")) -> 0 | I17: =IF($A17="","",SUMIFS('Equipment Index'!$F$2:$F$1513,'Equipment Index'!$G$2:$G$1513,$A17,'Equipment Index'!$A$2:$A$1513,"San Antonio")) -> 1 | J17: =IF($A17="","",SUMIFS('Equipment Index'!$F$2:$F$1513,'Equipment Index'!$G$2:$G$1513,$A17,'Equipment Index'!$A$2:$A$1513,"Dallas")) -> 0 | K17: =IF($A17="","",SUM($B17:$J17)) -> 3 | L17: =IF($A17="","",SUMIFS('Equipment Index'!$F$2:$F$1513,'Equipment Index'!$G$2:$G$1513,$A17,'Equipment Index'!$C$2:$C$1513,"DISP")) -> 0 | M17: =IF($A17="","",SUMIFS('Equipment Index'!$F$2:$F$1513,'Equipment Index'!$G$2:$G$1513,$A17,'Equipment Index'!$C$2:$C$1513,"MOD")) -> 0 | N17: =IF($A17="","",IF(COUNTIFS('Equipment Index'!$G$2:$G$1513,$A17,'Equipment Index'!$H$2:$H$1513,"?*")=0,"","Customer-owned — "&COUNTIFS('Equipment Index'!$G$2:$G$1513,$A17,'Equipment Index'!$H$2:$H$1513,"?*")&" unit(s): "&IFERROR(INDEX('Equipment Index'!$H$2:$H$1513,SUMPRODUCT(MATCH(1,('Equipment Index'!$G$2:$G$1513=$A17)*('Equipment Index'!$H$2:$H$1513<>""),0))),"")&IF(COUNTIFS('Equipment Index'!$G$2:$G$1513,$A17,'Equipment Index'!$H$2:$H$1513,"?*")>1," + see table below","")))
A18: =IFERROR(INDEX('Equipment Index'!$G$2:$G$1513,MATCH(ROW()-7,'Equipment Index'!$J$2:$J$1513,0)),"") -> Bunn G1 | B18: =IF($A18="","",SUMIFS('Equipment Index'!$F$2:$F$1513,'Equipment Index'!$G$2:$G$1513,$A18,'Equipment Index'!$A$2:$A$1513,"Barn - Back Rack")) -> 0 | C18: =IF($A18="","",SUMIFS('Equipment Index'!$F$2:$F$1513,'Equipment Index'!$G$2:$G$1513,$A18,'Equipment Index'!$A$2:$A$1513,"Barn - Front Rack")) -> 0 | D18: =IF($A18="","",SUMIFS('Equipment Index'!$F$2:$F$1513,'Equipment Index'!$G$2:$G$1513,$A18,'Equipment Index'!$A$2:$A$1513,"Front Lobby")) -> 0 | E18: =IF($A18="","",SUMIFS('Equipment Index'!$F$2:$F$1513,'Equipment Index'!$G$2:$G$1513,$A18,'Equipment Index'!$A$2:$A$1513,"Service Room")) -> 0 | F18: =IF($A18="","",SUMIFS('Equipment Index'!$F$2:$F$1513,'Equipment Index'!$G$2:$G$1513,$A18,'Equipment Index'!$A$2:$A$1513,"Production")) -> 0 | G18: =IF($A18="","",SUMIFS('Equipment Index'!$F$2:$F$1513,'Equipment Index'!$G$2:$G$1513,$A18,'Equipment Index'!$A$2:$A$1513,"Training Room")) -> 0 | H18: =IF($A18="","",SUMIFS('Equipment Index'!$F$2:$F$1513,'Equipment Index'!$G$2:$G$1513,$A18,'Equipment Index'!$A$2:$A$1513,"Out of State")) -> 0 | I18: =IF($A18="","",SUMIFS('Equipment Index'!$F$2:$F$1513,'Equipment Index'!$G$2:$G$1513,$A18,'Equipment Index'!$A$2:$A$1513,"San Antonio")) -> 1 | J18: =IF($A18="","",SUMIFS('Equipment Index'!$F$2:$F$1513,'Equipment Index'!$G$2:$G$1513,$A18,'Equipment Index'!$A$2:$A$1513,"Dallas")) -> 0 | K18: =IF($A18="","",SUM($B18:$J18)) -> 1 | L18: =IF($A18="","",SUMIFS('Equipment Index'!$F$2:$F$1513,'Equipment Index'!$G$2:$G$1513,$A18,'Equipment Index'!$C$2:$C$1513,"DISP")) -> 0 | M18: =IF($A18="","",SUMIFS('Equipment Index'!$F$2:$F$1513,'Equipment Index'!$G$2:$G$1513,$A18,'Equipment Index'!$C$2:$C$1513,"MOD")) -> 0 | N18: =IF($A18="","",IF(COUNTIFS('Equipment Index'!$G$2:$G$1513,$A18,'Equipment Index'!$H$2:$H$1513,"?*")=0,"","Customer-owned — "&COUNTIFS('Equipment Index'!$G$2:$G$1513,$A18,'Equipment Index'!$H$2:$H$1513,"?*")&" unit(s): "&IFERROR(INDEX('Equipment Index'!$H$2:$H$1513,SUMPRODUCT(MATCH(1,('Equipment Index'!$G$2:$G$1513=$A18)*('Equipment Index'!$H$2:$H$1513<>""),0))),"")&IF(COUNTIFS('Equipment Index'!$G$2:$G$1513,$A18,'Equipment Index'!$H$2:$H$1513,"?*")>1," + see table below","")))
A19: =IFERROR(INDEX('Equipment Index'!$G$2:$G$1513,MATCH(ROW()-7,'Equipment Index'!$J$2:$J$1513,0)),"") -> Bunn G2 | B19: =IF($A19="","",SUMIFS('Equipment Index'!$F$2:$F$1513,'Equipment Index'!$G$2:$G$1513,$A19,'Equipment Index'!$A$2:$A$1513,"Barn - Back Rack")) -> 0 | C19: =IF($A19="","",SUMIFS('Equipment Index'!$F$2:$F$1513,'Equipment Index'!$G$2:$G$1513,$A19,'Equipment Index'!$A$2:$A$1513,"Barn - Front Rack")) -> 0 | D19: =IF($A19="","",SUMIFS('Equipment Index'!$F$2:$F$1513,'Equipment Index'!$G$2:$G$1513,$A19,'Equipment Index'!$A$2:$A$1513,"Front Lobby")) -> 1 | E19: =IF($A19="","",SUMIFS('Equipment Index'!$F$2:$F$1513,'Equipment Index'!$G$2:$G$1513,$A19,'Equipment Index'!$A$2:$A$1513,"Service Room")) -> 0 | F19: =IF($A19="","",SUMIFS('Equipment Index'!$F$2:$F$1513,'Equipment Index'!$G$2:$G$1513,$A19,'Equipment Index'!$A$2:$A$1513,"Production")) -> 0 | G19: =IF($A19="","",SUMIFS('Equipment Index'!$F$2:$F$1513,'Equipment Index'!$G$2:$G$1513,$A19,'Equipment Index'!$A$2:$A$1513,"Training Room")) -> 0 | H19: =IF($A19="","",SUMIFS('Equipment Index'!$F$2:$F$1513,'Equipment Index'!$G$2:$G$1513,$A19,'Equipment Index'!$A$2:$A$1513,"Out of State")) -> 0 | I19: =IF($A19="","",SUMIFS('Equipment Index'!$F$2:$F$1513,'Equipment Index'!$G$2:$G$1513,$A19,'Equipment Index'!$A$2:$A$1513,"San Antonio")) -> 0 | J19: =IF($A19="","",SUMIFS('Equipment Index'!$F$2:$F$1513,'Equipment Index'!$G$2:$G$1513,$A19,'Equipment Index'!$A$2:$A$1513,"Dallas")) -> 0 | K19: =IF($A19="","",SUM($B19:$J19)) -> 1 | L19: =IF($A19="","",SUMIFS('Equipment Index'!$F$2:$F$1513,'Equipment Index'!$G$2:$G$1513,$A19,'Equipment Index'!$C$2:$C$1513,"DISP")) -> 0 | M19: =IF($A19="","",SUMIFS('Equipment Index'!$F$2:$F$1513,'Equipment Index'!$G$2:$G$1513,$A19,'Equipment Index'!$C$2:$C$1513,"MOD")) -> 0 | N19: =IF($A19="","",IF(COUNTIFS('Equipment Index'!$G$2:$G$1513,$A19,'Equipment Index'!$H$2:$H$1513,"?*")=0,"","Customer-owned — "&COUNTIFS('Equipment Index'!$G$2:$G$1513,$A19,'Equipment Index'!$H$2:$H$1513,"?*")&" unit(s): "&IFERROR(INDEX('Equipment Index'!$H$2:$H$1513,SUMPRODUCT(MATCH(1,('Equipment Index'!$G$2:$G$1513=$A19)*('Equipment Index'!$H$2:$H$1513<>""),0))),"")&IF(COUNTIFS('Equipment Index'!$G$2:$G$1513,$A19,'Equipment Index'!$H$2:$H$1513,"?*")>1," + see table below","")))
... A157: =IFERROR(INDEX('Equipment Index'!$G$2:$G$1513,MATCH(ROW()-7,'Equipment Index'!$J$2:$J$1513,0)),"") | B157: =IF($A157="","",SUMIFS('Equipment Index'!$F$2:$F$1513,'Equipment Index'!$G$2:$G$1513,$A157,'Equipment Index'!$A$2:$A$1513,"Barn - Back Rack")) | C157: =IF($A157="","",SUMIFS('Equipment Index'!$F$2:$F$1513,'Equipment Index'!$G$2:$G$1513,$A157,'Equipment Index'!$A$2:$A$1513,"Barn - Front Rack")) | D157: =IF($A157="","",SUMIFS('Equipment Index'!$F$2:$F$1513,'Equipment Index'!$G$2:$G$1513,$A157,'Equipment Index'!$A$2:$A$1513,"Front Lobby")) | E157: =IF($A157="","",SUMIFS('Equipment Index'!$F$2:$F$1513,'Equipment Index'!$G$2:$G$1513,$A157,'Equipment Index'!$A$2:$A$1513,"Service Room")) | F157: =IF($A157="","",SUMIFS('Equipment Index'!$F$2:$F$1513,'Equipment Index'!$G$2:$G$1513,$A157,'Equipment Index'!$A$2:$A$1513,"Production")) | G157: =IF($A157="","",SUMIFS('Equipment Index'!$F$2:$F$1513,'Equipment Index'!$G$2:$G$1513,$A157,'Equipment Index'!$A$2:$A$1513,"Training Room")) | H157: =IF($A157="","",SUMIFS('Equipment Index'!$F$2:$F$1513,'Equipment Index'!$G$2:$G$1513,$A157,'Equipment Index'!$A$2:$A$1513,"Out of State")) | I157: =IF($A157="","",SUMIFS('Equipment Index'!$F$2:$F$1513,'Equipment Index'!$G$2:$G$1513,$A157,'Equipment Index'!$A$2:$A$1513,"San Antonio")) | J157: =IF($A157="","",SUMIFS('Equipment Index'!$F$2:$F$1513,'Equipment Index'!$G$2:$G$1513,$A157,'Equipment Index'!$A$2:$A$1513,"Dallas")) | K157: =IF($A157="","",SUM($B157:$J157)) | L157: =IF($A157="","",SUMIFS('Equipment Index'!$F$2:$F$1513,'Equipment Index'!$G$2:$G$1513,$A157,'Equipment Index'!$C$2:$C$1513,"DISP")) | M157: =IF($A157="","",SUMIFS('Equipment Index'!$F$2:$F$1513,'Equipment Index'!$G$2:$G$1513,$A157,'Equipment Index'!$C$2:$C$1513,"MOD")) | N157: =IF($A157="","",IF(COUNTIFS('Equipment Index'!$G$2:$G$1513,$A157,'Equipment Index'!$H$2:$H$1513,"?*")=0,"","Customer-owned — "&COUNTIFS('Equipment Index'!$G$2:$G$1513,$A157,'Equipment Index'!$H$2:$H$1513,"?*")&" unit(s): "&IFERROR(INDEX('Equipment Index'!$H$2:$H$1513,SUMPRODUCT(MATCH(1,('Equipment Index'!$G$2:$G$1513=$A157)*('Equipment Index'!$H$2:$H$1513<>""),0))),"")&IF(COUNTIFS('Equipment Index'!$G$2:$G$1513,$A157,'Equipment Index'!$H$2:$H$1513,"?*")>1," + see table below","")))
A160: CUSTOMER-OWNED EQUIPMENT — built automatically from any model entered with a customer in parentheses
A161: Model | B161: Serial # | C161: Customer | D161: Location | E161: Position
A162: =IFERROR(INDEX('Equipment Index'!$G$2:$G$1513,MATCH(1,'Equipment Index'!$K$2:$K$1513,0)),"") -> Eversys e'4s | B162: =IFERROR(INDEX('Equipment Index'!$E$2:$E$1513,MATCH(1,'Equipment Index'!$K$2:$K$1513,0)),"") | C162: =IFERROR(INDEX('Equipment Index'!$H$2:$H$1513,MATCH(1,'Equipment Index'!$K$2:$K$1513,0)),"") -> Vida | D162: =IFERROR(INDEX('Equipment Index'!$A$2:$A$1513,MATCH(1,'Equipment Index'!$K$2:$K$1513,0)),"") -> Barn - Back Rack | E162: =IFERROR(INDEX('Equipment Index'!$B$2:$B$1513,MATCH(1,'Equipment Index'!$K$2:$K$1513,0)),"") -> Pallet H · L3 · line 1
A163: =IFERROR(INDEX('Equipment Index'!$G$2:$G$1513,MATCH(2,'Equipment Index'!$K$2:$K$1513,0)),"") -> Eversys e'4s | B163: =IFERROR(INDEX('Equipment Index'!$E$2:$E$1513,MATCH(2,'Equipment Index'!$K$2:$K$1513,0)),"") -> 110700026103E0015 | C163: =IFERROR(INDEX('Equipment Index'!$H$2:$H$1513,MATCH(2,'Equipment Index'!$K$2:$K$1513,0)),"") -> Baldi | D163: =IFERROR(INDEX('Equipment Index'!$A$2:$A$1513,MATCH(2,'Equipment Index'!$K$2:$K$1513,0)),"") -> Barn - Back Rack | E163: =IFERROR(INDEX('Equipment Index'!$B$2:$B$1513,MATCH(2,'Equipment Index'!$K$2:$K$1513,0)),"") -> Pallet H · L1 · line 1
A164: =IFERROR(INDEX('Equipment Index'!$G$2:$G$1513,MATCH(3,'Equipment Index'!$K$2:$K$1513,0)),"") -> Eversys Cameo c'2s | B164: =IFERROR(INDEX('Equipment Index'!$E$2:$E$1513,MATCH(3,'Equipment Index'!$K$2:$K$1513,0)),"") -> 0183130226112C0010 | C164: =IFERROR(INDEX('Equipment Index'!$H$2:$H$1513,MATCH(3,'Equipment Index'!$K$2:$K$1513,0)),"") -> Kol Fac | D164: =IFERROR(INDEX('Equipment Index'!$A$2:$A$1513,MATCH(3,'Equipment Index'!$K$2:$K$1513,0)),"") -> Barn - Back Rack | E164: =IFERROR(INDEX('Equipment Index'!$B$2:$B$1513,MATCH(3,'Equipment Index'!$K$2:$K$1513,0)),"") -> Pallet I · L1 · line 1
A165: =IFERROR(INDEX('Equipment Index'!$G$2:$G$1513,MATCH(4,'Equipment Index'!$K$2:$K$1513,0)),"") -> La Marzocco Linea S 2AV | B165: =IFERROR(INDEX('Equipment Index'!$E$2:$E$1513,MATCH(4,'Equipment Index'!$K$2:$K$1513,0)),"") -> 29304 | C165: =IFERROR(INDEX('Equipment Index'!$H$2:$H$1513,MATCH(4,'Equipment Index'!$K$2:$K$1513,0)),"") -> Coco's | D165: =IFERROR(INDEX('Equipment Index'!$A$2:$A$1513,MATCH(4,'Equipment Index'!$K$2:$K$1513,0)),"") -> Barn - Front Rack | E165: =IFERROR(INDEX('Equipment Index'!$B$2:$B$1513,MATCH(4,'Equipment Index'!$K$2:$K$1513,0)),"") -> Pallet O · L1 · line 1
A166: =IFERROR(INDEX('Equipment Index'!$G$2:$G$1513,MATCH(5,'Equipment Index'!$K$2:$K$1513,0)),"") -> La Marzocco Swift Grinder | B166: =IFERROR(INDEX('Equipment Index'!$E$2:$E$1513,MATCH(5,'Equipment Index'!$K$2:$K$1513,0)),"") -> 9386 | C166: =IFERROR(INDEX('Equipment Index'!$H$2:$H$1513,MATCH(5,'Equipment Index'!$K$2:$K$1513,0)),"") -> Coco's | D166: =IFERROR(INDEX('Equipment Index'!$A$2:$A$1513,MATCH(5,'Equipment Index'!$K$2:$K$1513,0)),"") -> Barn - Front Rack | E166: =IFERROR(INDEX('Equipment Index'!$B$2:$B$1513,MATCH(5,'Equipment Index'!$K$2:$K$1513,0)),"") -> Pallet O · L1 · line 2
A167: =IFERROR(INDEX('Equipment Index'!$G$2:$G$1513,MATCH(6,'Equipment Index'!$K$2:$K$1513,0)),"") | B167: =IFERROR(INDEX('Equipment Index'!$E$2:$E$1513,MATCH(6,'Equipment Index'!$K$2:$K$1513,0)),"") | C167: =IFERROR(INDEX('Equipment Index'!$H$2:$H$1513,MATCH(6,'Equipment Index'!$K$2:$K$1513,0)),"") | D167: =IFERROR(INDEX('Equipment Index'!$A$2:$A$1513,MATCH(6,'Equipment Index'!$K$2:$K$1513,0)),"") | E167: =IFERROR(INDEX('Equipment Index'!$B$2:$B$1513,MATCH(6,'Equipment Index'!$K$2:$K$1513,0)),"")
A168: =IFERROR(INDEX('Equipment Index'!$G$2:$G$1513,MATCH(7,'Equipment Index'!$K$2:$K$1513,0)),"") | B168: =IFERROR(INDEX('Equipment Index'!$E$2:$E$1513,MATCH(7,'Equipment Index'!$K$2:$K$1513,0)),"") | C168: =IFERROR(INDEX('Equipment Index'!$H$2:$H$1513,MATCH(7,'Equipment Index'!$K$2:$K$1513,0)),"") | D168: =IFERROR(INDEX('Equipment Index'!$A$2:$A$1513,MATCH(7,'Equipment Index'!$K$2:$K$1513,0)),"") | E168: =IFERROR(INDEX('Equipment Index'!$B$2:$B$1513,MATCH(7,'Equipment Index'!$K$2:$K$1513,0)),"")
A169: =IFERROR(INDEX('Equipment Index'!$G$2:$G$1513,MATCH(8,'Equipment Index'!$K$2:$K$1513,0)),"") | B169: =IFERROR(INDEX('Equipment Index'!$E$2:$E$1513,MATCH(8,'Equipment Index'!$K$2:$K$1513,0)),"") | C169: =IFERROR(INDEX('Equipment Index'!$H$2:$H$1513,MATCH(8,'Equipment Index'!$K$2:$K$1513,0)),"") | D169: =IFERROR(INDEX('Equipment Index'!$A$2:$A$1513,MATCH(8,'Equipment Index'!$K$2:$K$1513,0)),"") | E169: =IFERROR(INDEX('Equipment Index'!$B$2:$B$1513,MATCH(8,'Equipment Index'!$K$2:$K$1513,0)),"")
A170: =IFERROR(INDEX('Equipment Index'!$G$2:$G$1513,MATCH(9,'Equipment Index'!$K$2:$K$1513,0)),"") | B170: =IFERROR(INDEX('Equipment Index'!$E$2:$E$1513,MATCH(9,'Equipment Index'!$K$2:$K$1513,0)),"") | C170: =IFERROR(INDEX('Equipment Index'!$H$2:$H$1513,MATCH(9,'Equipment Index'!$K$2:$K$1513,0)),"") | D170: =IFERROR(INDEX('Equipment Index'!$A$2:$A$1513,MATCH(9,'Equipment Index'!$K$2:$K$1513,0)),"") | E170: =IFERROR(INDEX('Equipment Index'!$B$2:$B$1513,MATCH(9,'Equipment Index'!$K$2:$K$1513,0)),"")
A171: =IFERROR(INDEX('Equipment Index'!$G$2:$G$1513,MATCH(10,'Equipment Index'!$K$2:$K$1513,0)),"") | B171: =IFERROR(INDEX('Equipment Index'!$E$2:$E$1513,MATCH(10,'Equipment Index'!$K$2:$K$1513,0)),"") | C171: =IFERROR(INDEX('Equipment Index'!$H$2:$H$1513,MATCH(10,'Equipment Index'!$K$2:$K$1513,0)),"") | D171: =IFERROR(INDEX('Equipment Index'!$A$2:$A$1513,MATCH(10,'Equipment Index'!$K$2:$K$1513,0)),"") | E171: =IFERROR(INDEX('Equipment Index'!$B$2:$B$1513,MATCH(10,'Equipment Index'!$K$2:$K$1513,0)),"")
A172: =IFERROR(INDEX('Equipment Index'!$G$2:$G$1513,MATCH(11,'Equipment Index'!$K$2:$K$1513,0)),"") | B172: =IFERROR(INDEX('Equipment Index'!$E$2:$E$1513,MATCH(11,'Equipment Index'!$K$2:$K$1513,0)),"") | C172: =IFERROR(INDEX('Equipment Index'!$H$2:$H$1513,MATCH(11,'Equipment Index'!$K$2:$K$1513,0)),"") | D172: =IFERROR(INDEX('Equipment Index'!$A$2:$A$1513,MATCH(11,'Equipment Index'!$K$2:$K$1513,0)),"") | E172: =IFERROR(INDEX('Equipment Index'!$B$2:$B$1513,MATCH(11,'Equipment Index'!$K$2:$K$1513,0)),"")
A173: =IFERROR(INDEX('Equipment Index'!$G$2:$G$1513,MATCH(12,'Equipment Index'!$K$2:$K$1513,0)),"") | B173: =IFERROR(INDEX('Equipment Index'!$E$2:$E$1513,MATCH(12,'Equipment Index'!$K$2:$K$1513,0)),"") | C173: =IFERROR(INDEX('Equipment Index'!$H$2:$H$1513,MATCH(12,'Equipment Index'!$K$2:$K$1513,0)),"") | D173: =IFERROR(INDEX('Equipment Index'!$A$2:$A$1513,MATCH(12,'Equipment Index'!$K$2:$K$1513,0)),"") | E173: =IFERROR(INDEX('Equipment Index'!$B$2:$B$1513,MATCH(12,'Equipment Index'!$K$2:$K$1513,0)),"")
A174: =IFERROR(INDEX('Equipment Index'!$G$2:$G$1513,MATCH(13,'Equipment Index'!$K$2:$K$1513,0)),"") | B174: =IFERROR(INDEX('Equipment Index'!$E$2:$E$1513,MATCH(13,'Equipment Index'!$K$2:$K$1513,0)),"") | C174: =IFERROR(INDEX('Equipment Index'!$H$2:$H$1513,MATCH(13,'Equipment Index'!$K$2:$K$1513,0)),"") | D174: =IFERROR(INDEX('Equipment Index'!$A$2:$A$1513,MATCH(13,'Equipment Index'!$K$2:$K$1513,0)),"") | E174: =IFERROR(INDEX('Equipment Index'!$B$2:$B$1513,MATCH(13,'Equipment Index'!$K$2:$K$1513,0)),"")
A175: =IFERROR(INDEX('Equipment Index'!$G$2:$G$1513,MATCH(14,'Equipment Index'!$K$2:$K$1513,0)),"") | B175: =IFERROR(INDEX('Equipment Index'!$E$2:$E$1513,MATCH(14,'Equipment Index'!$K$2:$K$1513,0)),"") | C175: =IFERROR(INDEX('Equipment Index'!$H$2:$H$1513,MATCH(14,'Equipment Index'!$K$2:$K$1513,0)),"") | D175: =IFERROR(INDEX('Equipment Index'!$A$2:$A$1513,MATCH(14,'Equipment Index'!$K$2:$K$1513,0)),"") | E175: =IFERROR(INDEX('Equipment Index'!$B$2:$B$1513,MATCH(14,'Equipment Index'!$K$2:$K$1513,0)),"")
A176: =IFERROR(INDEX('Equipment Index'!$G$2:$G$1513,MATCH(15,'Equipment Index'!$K$2:$K$1513,0)),"") | B176: =IFERROR(INDEX('Equipment Index'!$E$2:$E$1513,MATCH(15,'Equipment Index'!$K$2:$K$1513,0)),"") | C176: =IFERROR(INDEX('Equipment Index'!$H$2:$H$1513,MATCH(15,'Equipment Index'!$K$2:$K$1513,0)),"") | D176: =IFERROR(INDEX('Equipment Index'!$A$2:$A$1513,MATCH(15,'Equipment Index'!$K$2:$K$1513,0)),"") | E176: =IFERROR(INDEX('Equipment Index'!$B$2:$B$1513,MATCH(15,'Equipment Index'!$K$2:$K$1513,0)),"")
A177: =IFERROR(INDEX('Equipment Index'!$G$2:$G$1513,MATCH(16,'Equipment Index'!$K$2:$K$1513,0)),"") | B177: =IFERROR(INDEX('Equipment Index'!$E$2:$E$1513,MATCH(16,'Equipment Index'!$K$2:$K$1513,0)),"") | C177: =IFERROR(INDEX('Equipment Index'!$H$2:$H$1513,MATCH(16,'Equipment Index'!$K$2:$K$1513,0)),"") | D177: =IFERROR(INDEX('Equipment Index'!$A$2:$A$1513,MATCH(16,'Equipment Index'!$K$2:$K$1513,0)),"") | E177: =IFERROR(INDEX('Equipment Index'!$B$2:$B$1513,MATCH(16,'Equipment Index'!$K$2:$K$1513,0)),"")
A178: =IFERROR(INDEX('Equipment Index'!$G$2:$G$1513,MATCH(17,'Equipment Index'!$K$2:$K$1513,0)),"") | B178: =IFERROR(INDEX('Equipment Index'!$E$2:$E$1513,MATCH(17,'Equipment Index'!$K$2:$K$1513,0)),"") | C178: =IFERROR(INDEX('Equipment Index'!$H$2:$H$1513,MATCH(17,'Equipment Index'!$K$2:$K$1513,0)),"") | D178: =IFERROR(INDEX('Equipment Index'!$A$2:$A$1513,MATCH(17,'Equipment Index'!$K$2:$K$1513,0)),"") | E178: =IFERROR(INDEX('Equipment Index'!$B$2:$B$1513,MATCH(17,'Equipment Index'!$K$2:$K$1513,0)),"")
A179: =IFERROR(INDEX('Equipment Index'!$G$2:$G$1513,MATCH(18,'Equipment Index'!$K$2:$K$1513,0)),"") | B179: =IFERROR(INDEX('Equipment Index'!$E$2:$E$1513,MATCH(18,'Equipment Index'!$K$2:$K$1513,0)),"") | C179: =IFERROR(INDEX('Equipment Index'!$H$2:$H$1513,MATCH(18,'Equipment Index'!$K$2:$K$1513,0)),"") | D179: =IFERROR(INDEX('Equipment Index'!$A$2:$A$1513,MATCH(18,'Equipment Index'!$K$2:$K$1513,0)),"") | E179: =IFERROR(INDEX('Equipment Index'!$B$2:$B$1513,MATCH(18,'Equipment Index'!$K$2:$K$1513,0)),"")
A180: =IFERROR(INDEX('Equipment Index'!$G$2:$G$1513,MATCH(19,'Equipment Index'!$K$2:$K$1513,0)),"") | B180: =IFERROR(INDEX('Equipment Index'!$E$2:$E$1513,MATCH(19,'Equipment Index'!$K$2:$K$1513,0)),"") | C180: =IFERROR(INDEX('Equipment Index'!$H$2:$H$1513,MATCH(19,'Equipment Index'!$K$2:$K$1513,0)),"") | D180: =IFERROR(INDEX('Equipment Index'!$A$2:$A$1513,MATCH(19,'Equipment Index'!$K$2:$K$1513,0)),"") | E180: =IFERROR(INDEX('Equipment Index'!$B$2:$B$1513,MATCH(19,'Equipment Index'!$K$2:$K$1513,0)),"")
A181: =IFERROR(INDEX('Equipment Index'!$G$2:$G$1513,MATCH(20,'Equipment Index'!$K$2:$K$1513,0)),"") | B181: =IFERROR(INDEX('Equipment Index'!$E$2:$E$1513,MATCH(20,'Equipment Index'!$K$2:$K$1513,0)),"") | C181: =IFERROR(INDEX('Equipment Index'!$H$2:$H$1513,MATCH(20,'Equipment Index'!$K$2:$K$1513,0)),"") | D181: =IFERROR(INDEX('Equipment Index'!$A$2:$A$1513,MATCH(20,'Equipment Index'!$K$2:$K$1513,0)),"") | E181: =IFERROR(INDEX('Equipment Index'!$B$2:$B$1513,MATCH(20,'Equipment Index'!$K$2:$K$1513,0)),"")
A182: =IFERROR(INDEX('Equipment Index'!$G$2:$G$1513,MATCH(21,'Equipment Index'!$K$2:$K$1513,0)),"") | B182: =IFERROR(INDEX('Equipment Index'!$E$2:$E$1513,MATCH(21,'Equipment Index'!$K$2:$K$1513,0)),"") | C182: =IFERROR(INDEX('Equipment Index'!$H$2:$H$1513,MATCH(21,'Equipment Index'!$K$2:$K$1513,0)),"") | D182: =IFERROR(INDEX('Equipment Index'!$A$2:$A$1513,MATCH(21,'Equipment Index'!$K$2:$K$1513,0)),"") | E182: =IFERROR(INDEX('Equipment Index'!$B$2:$B$1513,MATCH(21,'Equipment Index'!$K$2:$K$1513,0)),"")
A183: =IFERROR(INDEX('Equipment Index'!$G$2:$G$1513,MATCH(22,'Equipment Index'!$K$2:$K$1513,0)),"") | B183: =IFERROR(INDEX('Equipment Index'!$E$2:$E$1513,MATCH(22,'Equipment Index'!$K$2:$K$1513,0)),"") | C183: =IFERROR(INDEX('Equipment Index'!$H$2:$H$1513,MATCH(22,'Equipment Index'!$K$2:$K$1513,0)),"") | D183: =IFERROR(INDEX('Equipment Index'!$A$2:$A$1513,MATCH(22,'Equipment Index'!$K$2:$K$1513,0)),"") | E183: =IFERROR(INDEX('Equipment Index'!$B$2:$B$1513,MATCH(22,'Equipment Index'!$K$2:$K$1513,0)),"")
A184: =IFERROR(INDEX('Equipment Index'!$G$2:$G$1513,MATCH(23,'Equipment Index'!$K$2:$K$1513,0)),"") | B184: =IFERROR(INDEX('Equipment Index'!$E$2:$E$1513,MATCH(23,'Equipment Index'!$K$2:$K$1513,0)),"") | C184: =IFERROR(INDEX('Equipment Index'!$H$2:$H$1513,MATCH(23,'Equipment Index'!$K$2:$K$1513,0)),"") | D184: =IFERROR(INDEX('Equipment Index'!$A$2:$A$1513,MATCH(23,'Equipment Index'!$K$2:$K$1513,0)),"") | E184: =IFERROR(INDEX('Equipment Index'!$B$2:$B$1513,MATCH(23,'Equipment Index'!$K$2:$K$1513,0)),"")
A185: =IFERROR(INDEX('Equipment Index'!$G$2:$G$1513,MATCH(24,'Equipment Index'!$K$2:$K$1513,0)),"") | B185: =IFERROR(INDEX('Equipment Index'!$E$2:$E$1513,MATCH(24,'Equipment Index'!$K$2:$K$1513,0)),"") | C185: =IFERROR(INDEX('Equipment Index'!$H$2:$H$1513,MATCH(24,'Equipment Index'!$K$2:$K$1513,0)),"") | D185: =IFERROR(INDEX('Equipment Index'!$A$2:$A$1513,MATCH(24,'Equipment Index'!$K$2:$K$1513,0)),"") | E185: =IFERROR(INDEX('Equipment Index'!$B$2:$B$1513,MATCH(24,'Equipment Index'!$K$2:$K$1513,0)),"")
A186: =IFERROR(INDEX('Equipment Index'!$G$2:$G$1513,MATCH(25,'Equipment Index'!$K$2:$K$1513,0)),"") | B186: =IFERROR(INDEX('Equipment Index'!$E$2:$E$1513,MATCH(25,'Equipment Index'!$K$2:$K$1513,0)),"") | C186: =IFERROR(INDEX('Equipment Index'!$H$2:$H$1513,MATCH(25,'Equipment Index'!$K$2:$K$1513,0)),"") | D186: =IFERROR(INDEX('Equipment Index'!$A$2:$A$1513,MATCH(25,'Equipment Index'!$K$2:$K$1513,0)),"") | E186: =IFERROR(INDEX('Equipment Index'!$B$2:$B$1513,MATCH(25,'Equipment Index'!$K$2:$K$1513,0)),"")
A187: =IFERROR(INDEX('Equipment Index'!$G$2:$G$1513,MATCH(26,'Equipment Index'!$K$2:$K$1513,0)),"") | B187: =IFERROR(INDEX('Equipment Index'!$E$2:$E$1513,MATCH(26,'Equipment Index'!$K$2:$K$1513,0)),"") | C187: =IFERROR(INDEX('Equipment Index'!$H$2:$H$1513,MATCH(26,'Equipment Index'!$K$2:$K$1513,0)),"") | D187: =IFERROR(INDEX('Equipment Index'!$A$2:$A$1513,MATCH(26,'Equipment Index'!$K$2:$K$1513,0)),"") | E187: =IFERROR(INDEX('Equipment Index'!$B$2:$B$1513,MATCH(26,'Equipment Index'!$K$2:$K$1513,0)),"")
A188: =IFERROR(INDEX('Equipment Index'!$G$2:$G$1513,MATCH(27,'Equipment Index'!$K$2:$K$1513,0)),"") | B188: =IFERROR(INDEX('Equipment Index'!$E$2:$E$1513,MATCH(27,'Equipment Index'!$K$2:$K$1513,0)),"") | C188: =IFERROR(INDEX('Equipment Index'!$H$2:$H$1513,MATCH(27,'Equipment Index'!$K$2:$K$1513,0)),"") | D188: =IFERROR(INDEX('Equipment Index'!$A$2:$A$1513,MATCH(27,'Equipment Index'!$K$2:$K$1513,0)),"") | E188: =IFERROR(INDEX('Equipment Index'!$B$2:$B$1513,MATCH(27,'Equipment Index'!$K$2:$K$1513,0)),"")
A189: =IFERROR(INDEX('Equipment Index'!$G$2:$G$1513,MATCH(28,'Equipment Index'!$K$2:$K$1513,0)),"") | B189: =IFERROR(INDEX('Equipment Index'!$E$2:$E$1513,MATCH(28,'Equipment Index'!$K$2:$K$1513,0)),"") | C189: =IFERROR(INDEX('Equipment Index'!$H$2:$H$1513,MATCH(28,'Equipment Index'!$K$2:$K$1513,0)),"") | D189: =IFERROR(INDEX('Equipment Index'!$A$2:$A$1513,MATCH(28,'Equipment Index'!$K$2:$K$1513,0)),"") | E189: =IFERROR(INDEX('Equipment Index'!$B$2:$B$1513,MATCH(28,'Equipment Index'!$K$2:$K$1513,0)),"")
A190: =IFERROR(INDEX('Equipment Index'!$G$2:$G$1513,MATCH(29,'Equipment Index'!$K$2:$K$1513,0)),"") | B190: =IFERROR(INDEX('Equipment Index'!$E$2:$E$1513,MATCH(29,'Equipment Index'!$K$2:$K$1513,0)),"") | C190: =IFERROR(INDEX('Equipment Index'!$H$2:$H$1513,MATCH(29,'Equipment Index'!$K$2:$K$1513,0)),"") | D190: =IFERROR(INDEX('Equipment Index'!$A$2:$A$1513,MATCH(29,'Equipment Index'!$K$2:$K$1513,0)),"") | E190: =IFERROR(INDEX('Equipment Index'!$B$2:$B$1513,MATCH(29,'Equipment Index'!$K$2:$K$1513,0)),"")
A191: =IFERROR(INDEX('Equipment Index'!$G$2:$G$1513,MATCH(30,'Equipment Index'!$K$2:$K$1513,0)),"") | B191: =IFERROR(INDEX('Equipment Index'!$E$2:$E$1513,MATCH(30,'Equipment Index'!$K$2:$K$1513,0)),"") | C191: =IFERROR(INDEX('Equipment Index'!$H$2:$H$1513,MATCH(30,'Equipment Index'!$K$2:$K$1513,0)),"") | D191: =IFERROR(INDEX('Equipment Index'!$A$2:$A$1513,MATCH(30,'Equipment Index'!$K$2:$K$1513,0)),"") | E191: =IFERROR(INDEX('Equipment Index'!$B$2:$B$1513,MATCH(30,'Equipment Index'!$K$2:$K$1513,0)),"")
A193: This table fills itself in. To add a customer-owned unit, just type the model with the customer in parentheses on whichever tab it lives on.

Sheet Equipment Index
A1: Location | B1: Position | C1: Type | D1: Raw entry | E1: Serial | F1: Qty | G1: Model (clean) | H1: Customer | I1: First? | J1: Rank | K1: Cust # | L1: AUTO-GENERATED — do not type in this sheet. It flattens every equipment line in the workbook so Ready Models can total by model.
A2: Barn - Back Rack | B2: Pallet B · L4 · line 1 | C2: EQUIP | D2: =IF('Barn - Back Rack'!B13="","",TRIM('Barn - Back Rack'!B13)) | E2: =IF($D2="","",'Barn - Back Rack'!C13&"") | F2: =IF($D2="",0,1) -> 0 | G2: =IF($D2="","",IF(ISNUMBER(FIND("(",$D2)),TRIM(LEFT($D2,FIND("(",$D2)-1)),$D2)) | H2: =IF($D2="","",IF(ISNUMBER(FIND("(",$D2)),TRIM(SUBSTITUTE(MID($D2,FIND("(",$D2)+1,200),")","")),"")) | I2: =IF($G2="",0,IF(COUNTIF($G$2:$G2,$G2)=1,1,0)) -> 0 | J2: =IF($I2=0,"",SUMPRODUCT(($I$2:$I$1513=1)*($G$2:$G$1513<$G2))+1) | K2: =IF($H2="","",COUNTIF($H$2:$H2,"?*"))
A3: Barn - Back Rack | B3: Pallet B · L4 · line 2 | C3: EQUIP | D3: =IF('Barn - Back Rack'!B14="","",TRIM('Barn - Back Rack'!B14)) | E3: =IF($D3="","",'Barn - Back Rack'!C14&"") | F3: =IF($D3="",0,1) -> 0 | G3: =IF($D3="","",IF(ISNUMBER(FIND("(",$D3)),TRIM(LEFT($D3,FIND("(",$D3)-1)),$D3)) | H3: =IF($D3="","",IF(ISNUMBER(FIND("(",$D3)),TRIM(SUBSTITUTE(MID($D3,FIND("(",$D3)+1,200),")","")),"")) | I3: =IF($G3="",0,IF(COUNTIF($G$2:$G3,$G3)=1,1,0)) -> 0 | J3: =IF($I3=0,"",SUMPRODUCT(($I$2:$I$1513=1)*($G$2:$G$1513<$G3))+1) | K3: =IF($H3="","",COUNTIF($H$2:$H3,"?*"))
A4: Barn - Back Rack | B4: Pallet B · L4 · line 3 | C4: EQUIP | D4: =IF('Barn - Back Rack'!B15="","",TRIM('Barn - Back Rack'!B15)) | E4: =IF($D4="","",'Barn - Back Rack'!C15&"") | F4: =IF($D4="",0,1) -> 0 | G4: =IF($D4="","",IF(ISNUMBER(FIND("(",$D4)),TRIM(LEFT($D4,FIND("(",$D4)-1)),$D4)) | H4: =IF($D4="","",IF(ISNUMBER(FIND("(",$D4)),TRIM(SUBSTITUTE(MID($D4,FIND("(",$D4)+1,200),")","")),"")) | I4: =IF($G4="",0,IF(COUNTIF($G$2:$G4,$G4)=1,1,0)) -> 0 | J4: =IF($I4=0,"",SUMPRODUCT(($I$2:$I$1513=1)*($G$2:$G$1513<$G4))+1) | K4: =IF($H4="","",COUNTIF($H$2:$H4,"?*"))
A5: Barn - Back Rack | B5: Pallet B · L4 · line 4 | C5: EQUIP | D5: =IF('Barn - Back Rack'!B16="","",TRIM('Barn - Back Rack'!B16)) | E5: =IF($D5="","",'Barn - Back Rack'!C16&"") | F5: =IF($D5="",0,1) -> 0 | G5: =IF($D5="","",IF(ISNUMBER(FIND("(",$D5)),TRIM(LEFT($D5,FIND("(",$D5)-1)),$D5)) | H5: =IF($D5="","",IF(ISNUMBER(FIND("(",$D5)),TRIM(SUBSTITUTE(MID($D5,FIND("(",$D5)+1,200),")","")),"")) | I5: =IF($G5="",0,IF(COUNTIF($G$2:$G5,$G5)=1,1,0)) -> 0 | J5: =IF($I5=0,"",SUMPRODUCT(($I$2:$I$1513=1)*($G$2:$G$1513<$G5))+1) | K5: =IF($H5="","",COUNTIF($H$2:$H5,"?*"))
A6: Barn - Back Rack | B6: Pallet B · L4 · line 5 | C6: EQUIP | D6: =IF('Barn - Back Rack'!B17="","",TRIM('Barn - Back Rack'!B17)) | E6: =IF($D6="","",'Barn - Back Rack'!C17&"") | F6: =IF($D6="",0,1) -> 0 | G6: =IF($D6="","",IF(ISNUMBER(FIND("(",$D6)),TRIM(LEFT($D6,FIND("(",$D6)-1)),$D6)) | H6: =IF($D6="","",IF(ISNUMBER(FIND("(",$D6)),TRIM(SUBSTITUTE(MID($D6,FIND("(",$D6)+1,200),")","")),"")) | I6: =IF($G6="",0,IF(COUNTIF($G$2:$G6,$G6)=1,1,0)) -> 0 | J6: =IF($I6=0,"",SUMPRODUCT(($I$2:$I$1513=1)*($G$2:$G$1513<$G6))+1) | K6: =IF($H6="","",COUNTIF($H$2:$H6,"?*"))
A7: Barn - Back Rack | B7: Pallet B · L4 · line 6 | C7: EQUIP | D7: =IF('Barn - Back Rack'!B18="","",TRIM('Barn - Back Rack'!B18)) | E7: =IF($D7="","",'Barn - Back Rack'!C18&"") | F7: =IF($D7="",0,1) -> 0 | G7: =IF($D7="","",IF(ISNUMBER(FIND("(",$D7)),TRIM(LEFT($D7,FIND("(",$D7)-1)),$D7)) | H7: =IF($D7="","",IF(ISNUMBER(FIND("(",$D7)),TRIM(SUBSTITUTE(MID($D7,FIND("(",$D7)+1,200),")","")),"")) | I7: =IF($G7="",0,IF(COUNTIF($G$2:$G7,$G7)=1,1,0)) -> 0 | J7: =IF($I7=0,"",SUMPRODUCT(($I$2:$I$1513=1)*($G$2:$G$1513<$G7))+1) | K7: =IF($H7="","",COUNTIF($H$2:$H7,"?*"))
A8: Barn - Back Rack | B8: Pallet B · L4 · line 7 | C8: EQUIP | D8: =IF('Barn - Back Rack'!B19="","",TRIM('Barn - Back Rack'!B19)) | E8: =IF($D8="","",'Barn - Back Rack'!C19&"") | F8: =IF($D8="",0,1) -> 0 | G8: =IF($D8="","",IF(ISNUMBER(FIND("(",$D8)),TRIM(LEFT($D8,FIND("(",$D8)-1)),$D8)) | H8: =IF($D8="","",IF(ISNUMBER(FIND("(",$D8)),TRIM(SUBSTITUTE(MID($D8,FIND("(",$D8)+1,200),")","")),"")) | I8: =IF($G8="",0,IF(COUNTIF($G$2:$G8,$G8)=1,1,0)) -> 0 | J8: =IF($I8=0,"",SUMPRODUCT(($I$2:$I$1513=1)*($G$2:$G$1513<$G8))+1) | K8: =IF($H8="","",COUNTIF($H$2:$H8,"?*"))
A9: Barn - Back Rack | B9: Pallet B · L4 · line 8 | C9: EQUIP | D9: =IF('Barn - Back Rack'!B20="","",TRIM('Barn - Back Rack'!B20)) | E9: =IF($D9="","",'Barn - Back Rack'!C20&"") | F9: =IF($D9="",0,1) -> 0 | G9: =IF($D9="","",IF(ISNUMBER(FIND("(",$D9)),TRIM(LEFT($D9,FIND("(",$D9)-1)),$D9)) | H9: =IF($D9="","",IF(ISNUMBER(FIND("(",$D9)),TRIM(SUBSTITUTE(MID($D9,FIND("(",$D9)+1,200),")","")),"")) | I9: =IF($G9="",0,IF(COUNTIF($G$2:$G9,$G9)=1,1,0)) -> 0 | J9: =IF($I9=0,"",SUMPRODUCT(($I$2:$I$1513=1)*($G$2:$G$1513<$G9))+1) | K9: =IF($H9="","",COUNTIF($H$2:$H9,"?*"))
A10: Barn - Back Rack | B10: Pallet B · L4 · line 9 | C10: EQUIP | D10: =IF('Barn - Back Rack'!B21="","",TRIM('Barn - Back Rack'!B21)) | E10: =IF($D10="","",'Barn - Back Rack'!C21&"") | F10: =IF($D10="",0,1) -> 0 | G10: =IF($D10="","",IF(ISNUMBER(FIND("(",$D10)),TRIM(LEFT($D10,FIND("(",$D10)-1)),$D10)) | H10: =IF($D10="","",IF(ISNUMBER(FIND("(",$D10)),TRIM(SUBSTITUTE(MID($D10,FIND("(",$D10)+1,200),")","")),"")) | I10: =IF($G10="",0,IF(COUNTIF($G$2:$G10,$G10)=1,1,0)) -> 0 | J10: =IF($I10=0,"",SUMPRODUCT(($I$2:$I$1513=1)*($G$2:$G$1513<$G10))+1) | K10: =IF($H10="","",COUNTIF($H$2:$H10,"?*"))
A11: Barn - Back Rack | B11: Pallet B · L4 · line 10 | C11: EQUIP | D11: =IF('Barn - Back Rack'!B22="","",TRIM('Barn - Back Rack'!B22)) | E11: =IF($D11="","",'Barn - Back Rack'!C22&"") | F11: =IF($D11="",0,1) -> 0 | G11: =IF($D11="","",IF(ISNUMBER(FIND("(",$D11)),TRIM(LEFT($D11,FIND("(",$D11)-1)),$D11)) | H11: =IF($D11="","",IF(ISNUMBER(FIND("(",$D11)),TRIM(SUBSTITUTE(MID($D11,FIND("(",$D11)+1,200),")","")),"")) | I11: =IF($G11="",0,IF(COUNTIF($G$2:$G11,$G11)=1,1,0)) -> 0 | J11: =IF($I11=0,"",SUMPRODUCT(($I$2:$I$1513=1)*($G$2:$G$1513<$G11))+1) | K11: =IF($H11="","",COUNTIF($H$2:$H11,"?*"))
A12: Barn - Back Rack | B12: Pallet B · L4 · line 11 | C12: EQUIP | D12: =IF('Barn - Back Rack'!B23="","",TRIM('Barn - Back Rack'!B23)) | E12: =IF($D12="","",'Barn - Back Rack'!C23&"") | F12: =IF($D12="",0,1) -> 0 | G12: =IF($D12="","",IF(ISNUMBER(FIND("(",$D12)),TRIM(LEFT($D12,FIND("(",$D12)-1)),$D12)) | H12: =IF($D12="","",IF(ISNUMBER(FIND("(",$D12)),TRIM(SUBSTITUTE(MID($D12,FIND("(",$D12)+1,200),")","")),"")) | I12: =IF($G12="",0,IF(COUNTIF($G$2:$G12,$G12)=1,1,0)) -> 0 | J12: =IF($I12=0,"",SUMPRODUCT(($I$2:$I$1513=1)*($G$2:$G$1513<$G12))+1) | K12: =IF($H12="","",COUNTIF($H$2:$H12,"?*"))
A13: Barn - Back Rack | B13: Pallet B · L4 · line 12 | C13: EQUIP | D13: =IF('Barn - Back Rack'!B24="","",TRIM('Barn - Back Rack'!B24)) | E13: =IF($D13="","",'Barn - Back Rack'!C24&"") | F13: =IF($D13="",0,1) -> 0 | G13: =IF($D13="","",IF(ISNUMBER(FIND("(",$D13)),TRIM(LEFT($D13,FIND("(",$D13)-1)),$D13)) | H13: =IF($D13="","",IF(ISNUMBER(FIND("(",$D13)),TRIM(SUBSTITUTE(MID($D13,FIND("(",$D13)+1,200),")","")),"")) | I13: =IF($G13="",0,IF(COUNTIF($G$2:$G13,$G13)=1,1,0)) -> 0 | J13: =IF($I13=0,"",SUMPRODUCT(($I$2:$I$1513=1)*($G$2:$G$1513<$G13))+1) | K13: =IF($H13="","",COUNTIF($H$2:$H13,"?*"))
A14: Barn - Back Rack | B14: Pallet C · L4 · line 1 | C14: EQUIP | D14: =IF('Barn - Back Rack'!D13="","",TRIM('Barn - Back Rack'!D13)) | E14: =IF($D14="","",'Barn - Back Rack'!E13&"") | F14: =IF($D14="",0,1) -> 0 | G14: =IF($D14="","",IF(ISNUMBER(FIND("(",$D14)),TRIM(LEFT($D14,FIND("(",$D14)-1)),$D14)) | H14: =IF($D14="","",IF(ISNUMBER(FIND("(",$D14)),TRIM(SUBSTITUTE(MID($D14,FIND("(",$D14)+1,200),")","")),"")) | I14: =IF($G14="",0,IF(COUNTIF($G$2:$G14,$G14)=1,1,0)) -> 0 | J14: =IF($I14=0,"",SUMPRODUCT(($I$2:$I$1513=1)*($G$2:$G$1513<$G14))+1) | K14: =IF($H14="","",COUNTIF($H$2:$H14,"?*"))
A15: Barn - Back Rack | B15: Pallet C · L4 · line 2 | C15: EQUIP | D15: =IF('Barn - Back Rack'!D14="","",TRIM('Barn - Back Rack'!D14)) | E15: =IF($D15="","",'Barn - Back Rack'!E14&"") | F15: =IF($D15="",0,1) -> 0 | G15: =IF($D15="","",IF(ISNUMBER(FIND("(",$D15)),TRIM(LEFT($D15,FIND("(",$D15)-1)),$D15)) | H15: =IF($D15="","",IF(ISNUMBER(FIND("(",$D15)),TRIM(SUBSTITUTE(MID($D15,FIND("(",$D15)+1,200),")","")),"")) | I15: =IF($G15="",0,IF(COUNTIF($G$2:$G15,$G15)=1,1,0)) -> 0 | J15: =IF($I15=0,"",SUMPRODUCT(($I$2:$I$1513=1)*($G$2:$G$1513<$G15))+1) | K15: =IF($H15="","",COUNTIF($H$2:$H15,"?*"))
A16: Barn - Back Rack | B16: Pallet C · L4 · line 3 | C16: EQUIP | D16: =IF('Barn - Back Rack'!D15="","",TRIM('Barn - Back Rack'!D15)) | E16: =IF($D16="","",'Barn - Back Rack'!E15&"") | F16: =IF($D16="",0,1) -> 0 | G16: =IF($D16="","",IF(ISNUMBER(FIND("(",$D16)),TRIM(LEFT($D16,FIND("(",$D16)-1)),$D16)) | H16: =IF($D16="","",IF(ISNUMBER(FIND("(",$D16)),TRIM(SUBSTITUTE(MID($D16,FIND("(",$D16)+1,200),")","")),"")) | I16: =IF($G16="",0,IF(COUNTIF($G$2:$G16,$G16)=1,1,0)) -> 0 | J16: =IF($I16=0,"",SUMPRODUCT(($I$2:$I$1513=1)*($G$2:$G$1513<$G16))+1) | K16: =IF($H16="","",COUNTIF($H$2:$H16,"?*"))
A17: Barn - Back Rack | B17: Pallet C · L4 · line 4 | C17: EQUIP | D17: =IF('Barn - Back Rack'!D16="","",TRIM('Barn - Back Rack'!D16)) | E17: =IF($D17="","",'Barn - Back Rack'!E16&"") | F17: =IF($D17="",0,1) -> 0 | G17: =IF($D17="","",IF(ISNUMBER(FIND("(",$D17)),TRIM(LEFT($D17,FIND("(",$D17)-1)),$D17)) | H17: =IF($D17="","",IF(ISNUMBER(FIND("(",$D17)),TRIM(SUBSTITUTE(MID($D17,FIND("(",$D17)+1,200),")","")),"")) | I17: =IF($G17="",0,IF(COUNTIF($G$2:$G17,$G17)=1,1,0)) -> 0 | J17: =IF($I17=0,"",SUMPRODUCT(($I$2:$I$1513=1)*($G$2:$G$1513<$G17))+1) | K17: =IF($H17="","",COUNTIF($H$2:$H17,"?*"))
A18: Barn - Back Rack | B18: Pallet C · L4 · line 5 | C18: EQUIP | D18: =IF('Barn - Back Rack'!D17="","",TRIM('Barn - Back Rack'!D17)) | E18: =IF($D18="","",'Barn - Back Rack'!E17&"") | F18: =IF($D18="",0,1) -> 0 | G18: =IF($D18="","",IF(ISNUMBER(FIND("(",$D18)),TRIM(LEFT($D18,FIND("(",$D18)-1)),$D18)) | H18: =IF($D18="","",IF(ISNUMBER(FIND("(",$D18)),TRIM(SUBSTITUTE(MID($D18,FIND("(",$D18)+1,200),")","")),"")) | I18: =IF($G18="",0,IF(COUNTIF($G$2:$G18,$G18)=1,1,0)) -> 0 | J18: =IF($I18=0,"",SUMPRODUCT(($I$2:$I$1513=1)*($G$2:$G$1513<$G18))+1) | K18: =IF($H18="","",COUNTIF($H$2:$H18,"?*"))
A19: Barn - Back Rack | B19: Pallet C · L4 · line 6 | C19: EQUIP | D19: =IF('Barn - Back Rack'!D18="","",TRIM('Barn - Back Rack'!D18)) | E19: =IF($D19="","",'Barn - Back Rack'!E18&"") | F19: =IF($D19="",0,1) -> 0 | G19: =IF($D19="","",IF(ISNUMBER(FIND("(",$D19)),TRIM(LEFT($D19,FIND("(",$D19)-1)),$D19)) | H19: =IF($D19="","",IF(ISNUMBER(FIND("(",$D19)),TRIM(SUBSTITUTE(MID($D19,FIND("(",$D19)+1,200),")","")),"")) | I19: =IF($G19="",0,IF(COUNTIF($G$2:$G19,$G19)=1,1,0)) -> 0 | J19: =IF($I19=0,"",SUMPRODUCT(($I$2:$I$1513=1)*($G$2:$G$1513<$G19))+1) | K19: =IF($H19="","",COUNTIF($H$2:$H19,"?*"))
A20: Barn - Back Rack | B20: Pallet C · L4 · line 7 | C20: EQUIP | D20: =IF('Barn - Back Rack'!D19="","",TRIM('Barn - Back Rack'!D19)) | E20: =IF($D20="","",'Barn - Back Rack'!E19&"") | F20: =IF($D20="",0,1) -> 0 | G20: =IF($D20="","",IF(ISNUMBER(FIND("(",$D20)),TRIM(LEFT($D20,FIND("(",$D20)-1)),$D20)) | H20: =IF($D20="","",IF(ISNUMBER(FIND("(",$D20)),TRIM(SUBSTITUTE(MID($D20,FIND("(",$D20)+1,200),")","")),"")) | I20: =IF($G20="",0,IF(COUNTIF($G$2:$G20,$G20)=1,1,0)) -> 0 | J20: =IF($I20=0,"",SUMPRODUCT(($I$2:$I$1513=1)*($G$2:$G$1513<$G20))+1) | K20: =IF($H20="","",COUNTIF($H$2:$H20,"?*"))
A21: Barn - Back Rack | B21: Pallet C · L4 · line 8 | C21: EQUIP | D21: =IF('Barn - Back Rack'!D20="","",TRIM('Barn - Back Rack'!D20)) | E21: =IF($D21="","",'Barn - Back Rack'!E20&"") | F21: =IF($D21="",0,1) -> 0 | G21: =IF($D21="","",IF(ISNUMBER(FIND("(",$D21)),TRIM(LEFT($D21,FIND("(",$D21)-1)),$D21)) | H21: =IF($D21="","",IF(ISNUMBER(FIND("(",$D21)),TRIM(SUBSTITUTE(MID($D21,FIND("(",$D21)+1,200),")","")),"")) | I21: =IF($G21="",0,IF(COUNTIF($G$2:$G21,$G21)=1,1,0)) -> 0 | J21: =IF($I21=0,"",SUMPRODUCT(($I$2:$I$1513=1)*($G$2:$G$1513<$G21))+1) | K21: =IF($H21="","",COUNTIF($H$2:$H21,"?*"))
A22: Barn - Back Rack | B22: Pallet C · L4 · line 9 | C22: EQUIP | D22: =IF('Barn - Back Rack'!D21="","",TRIM('Barn - Back Rack'!D21)) | E22: =IF($D22="","",'Barn - Back Rack'!E21&"") | F22: =IF($D22="",0,1) -> 0 | G22: =IF($D22="","",IF(ISNUMBER(FIND("(",$D22)),TRIM(LEFT($D22,FIND("(",$D22)-1)),$D22)) | H22: =IF($D22="","",IF(ISNUMBER(FIND("(",$D22)),TRIM(SUBSTITUTE(MID($D22,FIND("(",$D22)+1,200),")","")),"")) | I22: =IF($G22="",0,IF(COUNTIF($G$2:$G22,$G22)=1,1,0)) -> 0 | J22: =IF($I22=0,"",SUMPRODUCT(($I$2:$I$1513=1)*($G$2:$G$1513<$G22))+1) | K22: =IF($H22="","",COUNTIF($H$2:$H22,"?*"))
A23: Barn - Back Rack | B23: Pallet C · L4 · line 10 | C23: EQUIP | D23: =IF('Barn - Back Rack'!D22="","",TRIM('Barn - Back Rack'!D22)) | E23: =IF($D23="","",'Barn - Back Rack'!E22&"") | F23: =IF($D23="",0,1) -> 0 | G23: =IF($D23="","",IF(ISNUMBER(FIND("(",$D23)),TRIM(LEFT($D23,FIND("(",$D23)-1)),$D23)) | H23: =IF($D23="","",IF(ISNUMBER(FIND("(",$D23)),TRIM(SUBSTITUTE(MID($D23,FIND("(",$D23)+1,200),")","")),"")) | I23: =IF($G23="",0,IF(COUNTIF($G$2:$G23,$G23)=1,1,0)) -> 0 | J23: =IF($I23=0,"",SUMPRODUCT(($I$2:$I$1513=1)*($G$2:$G$1513<$G23))+1) | K23: =IF($H23="","",COUNTIF($H$2:$H23,"?*"))
A24: Barn - Back Rack | B24: Pallet C · L4 · line 11 | C24: EQUIP | D24: =IF('Barn - Back Rack'!D23="","",TRIM('Barn - Back Rack'!D23)) | E24: =IF($D24="","",'Barn - Back Rack'!E23&"") | F24: =IF($D24="",0,1) -> 0 | G24: =IF($D24="","",IF(ISNUMBER(FIND("(",$D24)),TRIM(LEFT($D24,FIND("(",$D24)-1)),$D24)) | H24: =IF($D24="","",IF(ISNUMBER(FIND("(",$D24)),TRIM(SUBSTITUTE(MID($D24,FIND("(",$D24)+1,200),")","")),"")) | I24: =IF($G24="",0,IF(COUNTIF($G$2:$G24,$G24)=1,1,0)) -> 0 | J24: =IF($I24=0,"",SUMPRODUCT(($I$2:$I$1513=1)*($G$2:$G$1513<$G24))+1) | K24: =IF($H24="","",COUNTIF($H$2:$H24,"?*"))
A25: Barn - Back Rack | B25: Pallet C · L4 · line 12 | C25: EQUIP | D25: =IF('Barn - Back Rack'!D24="","",TRIM('Barn - Back Rack'!D24)) | E25: =IF($D25="","",'Barn - Back Rack'!E24&"") | F25: =IF($D25="",0,1) -> 0 | G25: =IF($D25="","",IF(ISNUMBER(FIND("(",$D25)),TRIM(LEFT($D25,FIND("(",$D25)-1)),$D25)) | H25: =IF($D25="","",IF(ISNUMBER(FIND("(",$D25)),TRIM(SUBSTITUTE(MID($D25,FIND("(",$D25)+1,200),")","")),"")) | I25: =IF($G25="",0,IF(COUNTIF($G$2:$G25,$G25)=1,1,0)) -> 0 | J25: =IF($I25=0,"",SUMPRODUCT(($I$2:$I$1513=1)*($G$2:$G$1513<$G25))+1) | K25: =IF($H25="","",COUNTIF($H$2:$H25,"?*"))
A26: Barn - Back Rack | B26: Pallet D · L4 · line 1 | C26: EQUIP | D26: =IF('Barn - Back Rack'!F13="","",TRIM('Barn - Back Rack'!F13)) | E26: =IF($D26="","",'Barn - Back Rack'!G13&"") | F26: =IF($D26="",0,1) -> 0 | G26: =IF($D26="","",IF(ISNUMBER(FIND("(",$D26)),TRIM(LEFT($D26,FIND("(",$D26)-1)),$D26)) | H26: =IF($D26="","",IF(ISNUMBER(FIND("(",$D26)),TRIM(SUBSTITUTE(MID($D26,FIND("(",$D26)+1,200),")","")),"")) | I26: =IF($G26="",0,IF(COUNTIF($G$2:$G26,$G26)=1,1,0)) -> 0 | J26: =IF($I26=0,"",SUMPRODUCT(($I$2:$I$1513=1)*($G$2:$G$1513<$G26))+1) | K26: =IF($H26="","",COUNTIF($H$2:$H26,"?*"))
A27: Barn - Back Rack | B27: Pallet D · L4 · line 2 | C27: EQUIP | D27: =IF('Barn - Back Rack'!F14="","",TRIM('Barn - Back Rack'!F14)) | E27: =IF($D27="","",'Barn - Back Rack'!G14&"") | F27: =IF($D27="",0,1) -> 0 | G27: =IF($D27="","",IF(ISNUMBER(FIND("(",$D27)),TRIM(LEFT($D27,FIND("(",$D27)-1)),$D27)) | H27: =IF($D27="","",IF(ISNUMBER(FIND("(",$D27)),TRIM(SUBSTITUTE(MID($D27,FIND("(",$D27)+1,200),")","")),"")) | I27: =IF($G27="",0,IF(COUNTIF($G$2:$G27,$G27)=1,1,0)) -> 0 | J27: =IF($I27=0,"",SUMPRODUCT(($I$2:$I$1513=1)*($G$2:$G$1513<$G27))+1) | K27: =IF($H27="","",COUNTIF($H$2:$H27,"?*"))
A28: Barn - Back Rack | B28: Pallet D · L4 · line 3 | C28: EQUIP | D28: =IF('Barn - Back Rack'!F15="","",TRIM('Barn - Back Rack'!F15)) | E28: =IF($D28="","",'Barn - Back Rack'!G15&"") | F28: =IF($D28="",0,1) -> 0 | G28: =IF($D28="","",IF(ISNUMBER(FIND("(",$D28)),TRIM(LEFT($D28,FIND("(",$D28)-1)),$D28)) | H28: =IF($D28="","",IF(ISNUMBER(FIND("(",$D28)),TRIM(SUBSTITUTE(MID($D28,FIND("(",$D28)+1,200),")","")),"")) | I28: =IF($G28="",0,IF(COUNTIF($G$2:$G28,$G28)=1,1,0)) -> 0 | J28: =IF($I28=0,"",SUMPRODUCT(($I$2:$I$1513=1)*($G$2:$G$1513<$G28))+1) | K28: =IF($H28="","",COUNTIF($H$2:$H28,"?*"))
A29: Barn - Back Rack | B29: Pallet D · L4 · line 4 | C29: EQUIP | D29: =IF('Barn - Back Rack'!F16="","",TRIM('Barn - Back Rack'!F16)) | E29: =IF($D29="","",'Barn - Back Rack'!G16&"") | F29: =IF($D29="",0,1) -> 0 | G29: =IF($D29="","",IF(ISNUMBER(FIND("(",$D29)),TRIM(LEFT($D29,FIND("(",$D29)-1)),$D29)) | H29: =IF($D29="","",IF(ISNUMBER(FIND("(",$D29)),TRIM(SUBSTITUTE(MID($D29,FIND("(",$D29)+1,200),")","")),"")) | I29: =IF($G29="",0,IF(COUNTIF($G$2:$G29,$G29)=1,1,0)) -> 0 | J29: =IF($I29=0,"",SUMPRODUCT(($I$2:$I$1513=1)*($G$2:$G$1513<$G29))+1) | K29: =IF($H29="","",COUNTIF($H$2:$H29,"?*"))
A30: Barn - Back Rack | B30: Pallet D · L4 · line 5 | C30: EQUIP | D30: =IF('Barn - Back Rack'!F17="","",TRIM('Barn - Back Rack'!F17)) | E30: =IF($D30="","",'Barn - Back Rack'!G17&"") | F30: =IF($D30="",0,1) -> 0 | G30: =IF($D30="","",IF(ISNUMBER(FIND("(",$D30)),TRIM(LEFT($D30,FIND("(",$D30)-1)),$D30)) | H30: =IF($D30="","",IF(ISNUMBER(FIND("(",$D30)),TRIM(SUBSTITUTE(MID($D30,FIND("(",$D30)+1,200),")","")),"")) | I30: =IF($G30="",0,IF(COUNTIF($G$2:$G30,$G30)=1,1,0)) -> 0 | J30: =IF($I30=0,"",SUMPRODUCT(($I$2:$I$1513=1)*($G$2:$G$1513<$G30))+1) | K30: =IF($H30="","",COUNTIF($H$2:$H30,"?*"))
A31: Barn - Back Rack | B31: Pallet D · L4 · line 6 | C31: EQUIP | D31: =IF('Barn - Back Rack'!F18="","",TRIM('Barn - Back Rack'!F18)) | E31: =IF($D31="","",'Barn - Back Rack'!G18&"") | F31: =IF($D31="",0,1) -> 0 | G31: =IF($D31="","",IF(ISNUMBER(FIND("(",$D31)),TRIM(LEFT($D31,FIND("(",$D31)-1)),$D31)) | H31: =IF($D31="","",IF(ISNUMBER(FIND("(",$D31)),TRIM(SUBSTITUTE(MID($D31,FIND("(",$D31)+1,200),")","")),"")) | I31: =IF($G31="",0,IF(COUNTIF($G$2:$G31,$G31)=1,1,0)) -> 0 | J31: =IF($I31=0,"",SUMPRODUCT(($I$2:$I$1513=1)*($G$2:$G$1513<$G31))+1) | K31: =IF($H31="","",COUNTIF($H$2:$H31,"?*"))
A32: Barn - Back Rack | B32: Pallet D · L4 · line 7 | C32: EQUIP | D32: =IF('Barn - Back Rack'!F19="","",TRIM('Barn - Back Rack'!F19)) | E32: =IF($D32="","",'Barn - Back Rack'!G19&"") | F32: =IF($D32="",0,1) -> 0 | G32: =IF($D32="","",IF(ISNUMBER(FIND("(",$D32)),TRIM(LEFT($D32,FIND("(",$D32)-1)),$D32)) | H32: =IF($D32="","",IF(ISNUMBER(FIND("(",$D32)),TRIM(SUBSTITUTE(MID($D32,FIND("(",$D32)+1,200),")","")),"")) | I32: =IF($G32="",0,IF(COUNTIF($G$2:$G32,$G32)=1,1,0)) -> 0 | J32: =IF($I32=0,"",SUMPRODUCT(($I$2:$I$1513=1)*($G$2:$G$1513<$G32))+1) | K32: =IF($H32="","",COUNTIF($H$2:$H32,"?*"))
A33: Barn - Back Rack | B33: Pallet D · L4 · line 8 | C33: EQUIP | D33: =IF('Barn - Back Rack'!F20="","",TRIM('Barn - Back Rack'!F20)) | E33: =IF($D33="","",'Barn - Back Rack'!G20&"") | F33: =IF($D33="",0,1) -> 0 | G33: =IF($D33="","",IF(ISNUMBER(FIND("(",$D33)),TRIM(LEFT($D33,FIND("(",$D33)-1)),$D33)) | H33: =IF($D33="","",IF(ISNUMBER(FIND("(",$D33)),TRIM(SUBSTITUTE(MID($D33,FIND("(",$D33)+1,200),")","")),"")) | I33: =IF($G33="",0,IF(COUNTIF($G$2:$G33,$G33)=1,1,0)) -> 0 | J33: =IF($I33=0,"",SUMPRODUCT(($I$2:$I$1513=1)*($G$2:$G$1513<$G33))+1) | K33: =IF($H33="","",COUNTIF($H$2:$H33,"?*"))
A34: Barn - Back Rack | B34: Pallet D · L4 · line 9 | C34: EQUIP | D34: =IF('Barn - Back Rack'!F21="","",TRIM('Barn - Back Rack'!F21)) | E34: =IF($D34="","",'Barn - Back Rack'!G21&"") | F34: =IF($D34="",0,1) -> 0 | G34: =IF($D34="","",IF(ISNUMBER(FIND("(",$D34)),TRIM(LEFT($D34,FIND("(",$D34)-1)),$D34)) | H34: =IF($D34="","",IF(ISNUMBER(FIND("(",$D34)),TRIM(SUBSTITUTE(MID($D34,FIND("(",$D34)+1,200),")","")),"")) | I34: =IF($G34="",0,IF(COUNTIF($G$2:$G34,$G34)=1,1,0)) -> 0 | J34: =IF($I34=0,"",SUMPRODUCT(($I$2:$I$1513=1)*($G$2:$G$1513<$G34))+1) | K34: =IF($H34="","",COUNTIF($H$2:$H34,"?*"))
A35: Barn - Back Rack | B35: Pallet D · L4 · line 10 | C35: EQUIP | D35: =IF('Barn - Back Rack'!F22="","",TRIM('Barn - Back Rack'!F22)) | E35: =IF($D35="","",'Barn - Back Rack'!G22&"") | F35: =IF($D35="",0,1) -> 0 | G35: =IF($D35="","",IF(ISNUMBER(FIND("(",$D35)),TRIM(LEFT($D35,FIND("(",$D35)-1)),$D35)) | H35: =IF($D35="","",IF(ISNUMBER(FIND("(",$D35)),TRIM(SUBSTITUTE(MID($D35,FIND("(",$D35)+1,200),")","")),"")) | I35: =IF($G35="",0,IF(COUNTIF($G$2:$G35,$G35)=1,1,0)) -> 0 | J35: =IF($I35=0,"",SUMPRODUCT(($I$2:$I$1513=1)*($G$2:$G$1513<$G35))+1) | K35: =IF($H35="","",COUNTIF($H$2:$H35,"?*"))
A36: Barn - Back Rack | B36: Pallet D · L4 · line 11 | C36: EQUIP | D36: =IF('Barn - Back Rack'!F23="","",TRIM('Barn - Back Rack'!F23)) | E36: =IF($D36="","",'Barn - Back Rack'!G23&"") | F36: =IF($D36="",0,1) -> 0 | G36: =IF($D36="","",IF(ISNUMBER(FIND("(",$D36)),TRIM(LEFT($D36,FIND("(",$D36)-1)),$D36)) | H36: =IF($D36="","",IF(ISNUMBER(FIND("(",$D36)),TRIM(SUBSTITUTE(MID($D36,FIND("(",$D36)+1,200),")","")),"")) | I36: =IF($G36="",0,IF(COUNTIF($G$2:$G36,$G36)=1,1,0)) -> 0 | J36: =IF($I36=0,"",SUMPRODUCT(($I$2:$I$1513=1)*($G$2:$G$1513<$G36))+1) | K36: =IF($H36="","",COUNTIF($H$2:$H36,"?*"))
A37: Barn - Back Rack | B37: Pallet D · L4 · line 12 | C37: EQUIP | D37: =IF('Barn - Back Rack'!F24="","",TRIM('Barn - Back Rack'!F24)) | E37: =IF($D37="","",'Barn - Back Rack'!G24&"") | F37: =IF($D37="",0,1) -> 0 | G37: =IF($D37="","",IF(ISNUMBER(FIND("(",$D37)),TRIM(LEFT($D37,FIND("(",$D37)-1)),$D37)) | H37: =IF($D37="","",IF(ISNUMBER(FIND("(",$D37)),TRIM(SUBSTITUTE(MID($D37,FIND("(",$D37)+1,200),")","")),"")) | I37: =IF($G37="",0,IF(COUNTIF($G$2:$G37,$G37)=1,1,0)) -> 0 | J37: =IF($I37=0,"",SUMPRODUCT(($I$2:$I$1513=1)*($G$2:$G$1513<$G37))+1) | K37: =IF($H37="","",COUNTIF($H$2:$H37,"?*"))
A38: Barn - Back Rack | B38: Pallet E · L4 · line 1 | C38: EQUIP | D38: =IF('Barn - Back Rack'!H13="","",TRIM('Barn - Back Rack'!H13)) | E38: =IF($D38="","",'Barn - Back Rack'!I13&"") | F38: =IF($D38="",0,1) -> 0 | G38: =IF($D38="","",IF(ISNUMBER(FIND("(",$D38)),TRIM(LEFT($D38,FIND("(",$D38)-1)),$D38)) | H38: =IF($D38="","",IF(ISNUMBER(FIND("(",$D38)),TRIM(SUBSTITUTE(MID($D38,FIND("(",$D38)+1,200),")","")),"")) | I38: =IF($G38="",0,IF(COUNTIF($G$2:$G38,$G38)=1,1,0)) -> 0 | J38: =IF($I38=0,"",SUMPRODUCT(($I$2:$I$1513=1)*($G$2:$G$1513<$G38))+1) | K38: =IF($H38="","",COUNTIF($H$2:$H38,"?*"))
A39: Barn - Back Rack | B39: Pallet E · L4 · line 2 | C39: EQUIP | D39: =IF('Barn - Back Rack'!H14="","",TRIM('Barn - Back Rack'!H14)) | E39: =IF($D39="","",'Barn - Back Rack'!I14&"") | F39: =IF($D39="",0,1) -> 0 | G39: =IF($D39="","",IF(ISNUMBER(FIND("(",$D39)),TRIM(LEFT($D39,FIND("(",$D39)-1)),$D39)) | H39: =IF($D39="","",IF(ISNUMBER(FIND("(",$D39)),TRIM(SUBSTITUTE(MID($D39,FIND("(",$D39)+1,200),")","")),"")) | I39: =IF($G39="",0,IF(COUNTIF($G$2:$G39,$G39)=1,1,0)) -> 0 | J39: =IF($I39=0,"",SUMPRODUCT(($I$2:$I$1513=1)*($G$2:$G$1513<$G39))+1) | K39: =IF($H39="","",COUNTIF($H$2:$H39,"?*"))
A40: Barn - Back Rack | B40: Pallet E · L4 · line 3 | C40: EQUIP | D40: =IF('Barn - Back Rack'!H15="","",TRIM('Barn - Back Rack'!H15)) | E40: =IF($D40="","",'Barn - Back Rack'!I15&"") | F40: =IF($D40="",0,1) -> 0 | G40: =IF($D40="","",IF(ISNUMBER(FIND("(",$D40)),TRIM(LEFT($D40,FIND("(",$D40)-1)),$D40)) | H40: =IF($D40="","",IF(ISNUMBER(FIND("(",$D40)),TRIM(SUBSTITUTE(MID($D40,FIND("(",$D40)+1,200),")","")),"")) | I40: =IF($G40="",0,IF(COUNTIF($G$2:$G40,$G40)=1,1,0)) -> 0 | J40: =IF($I40=0,"",SUMPRODUCT(($I$2:$I$1513=1)*($G$2:$G$1513<$G40))+1) | K40: =IF($H40="","",COUNTIF($H$2:$H40,"?*"))
A41: Barn - Back Rack | B41: Pallet E · L4 · line 4 | C41: EQUIP | D41: =IF('Barn - Back Rack'!H16="","",TRIM('Barn - Back Rack'!H16)) | E41: =IF($D41="","",'Barn - Back Rack'!I16&"") | F41: =IF($D41="",0,1) -> 0 | G41: =IF($D41="","",IF(ISNUMBER(FIND("(",$D41)),TRIM(LEFT($D41,FIND("(",$D41)-1)),$D41)) | H41: =IF($D41="","",IF(ISNUMBER(FIND("(",$D41)),TRIM(SUBSTITUTE(MID($D41,FIND("(",$D41)+1,200),")","")),"")) | I41: =IF($G41="",0,IF(COUNTIF($G$2:$G41,$G41)=1,1,0)) -> 0 | J41: =IF($I41=0,"",SUMPRODUCT(($I$2:$I$1513=1)*($G$2:$G$1513<$G41))+1) | K41: =IF($H41="","",COUNTIF($H$2:$H41,"?*"))
A42: Barn - Back Rack | B42: Pallet E · L4 · line 5 | C42: EQUIP | D42: =IF('Barn - Back Rack'!H17="","",TRIM('Barn - Back Rack'!H17)) | E42: =IF($D42="","",'Barn - Back Rack'!I17&"") | F42: =IF($D42="",0,1) -> 0 | G42: =IF($D42="","",IF(ISNUMBER(FIND("(",$D42)),TRIM(LEFT($D42,FIND("(",$D42)-1)),$D42)) | H42: =IF($D42="","",IF(ISNUMBER(FIND("(",$D42)),TRIM(SUBSTITUTE(MID($D42,FIND("(",$D42)+1,200),")","")),"")) | I42: =IF($G42="",0,IF(COUNTIF($G$2:$G42,$G42)=1,1,0)) -> 0 | J42: =IF($I42=0,"",SUMPRODUCT(($I$2:$I$1513=1)*($G$2:$G$1513<$G42))+1) | K42: =IF($H42="","",COUNTIF($H$2:$H42,"?*"))
A43: Barn - Back Rack | B43: Pallet E · L4 · line 6 | C43: EQUIP | D43: =IF('Barn - Back Rack'!H18="","",TRIM('Barn - Back Rack'!H18)) | E43: =IF($D43="","",'Barn - Back Rack'!I18&"") | F43: =IF($D43="",0,1) -> 0 | G43: =IF($D43="","",IF(ISNUMBER(FIND("(",$D43)),TRIM(LEFT($D43,FIND("(",$D43)-1)),$D43)) | H43: =IF($D43="","",IF(ISNUMBER(FIND("(",$D43)),TRIM(SUBSTITUTE(MID($D43,FIND("(",$D43)+1,200),")","")),"")) | I43: =IF($G43="",0,IF(COUNTIF($G$2:$G43,$G43)=1,1,0)) -> 0 | J43: =IF($I43=0,"",SUMPRODUCT(($I$2:$I$1513=1)*($G$2:$G$1513<$G43))+1) | K43: =IF($H43="","",COUNTIF($H$2:$H43,"?*"))
A44: Barn - Back Rack | B44: Pallet E · L4 · line 7 | C44: EQUIP | D44: =IF('Barn - Back Rack'!H19="","",TRIM('Barn - Back Rack'!H19)) | E44: =IF($D44="","",'Barn - Back Rack'!I19&"") | F44: =IF($D44="",0,1) -> 0 | G44: =IF($D44="","",IF(ISNUMBER(FIND("(",$D44)),TRIM(LEFT($D44,FIND("(",$D44)-1)),$D44)) | H44: =IF($D44="","",IF(ISNUMBER(FIND("(",$D44)),TRIM(SUBSTITUTE(MID($D44,FIND("(",$D44)+1,200),")","")),"")) | I44: =IF($G44="",0,IF(COUNTIF($G$2:$G44,$G44)=1,1,0)) -> 0 | J44: =IF($I44=0,"",SUMPRODUCT(($I$2:$I$1513=1)*($G$2:$G$1513<$G44))+1) | K44: =IF($H44="","",COUNTIF($H$2:$H44,"?*"))
A45: Barn - Back Rack | B45: Pallet E · L4 · line 8 | C45: EQUIP | D45: =IF('Barn - Back Rack'!H20="","",TRIM('Barn - Back Rack'!H20)) | E45: =IF($D45="","",'Barn - Back Rack'!I20&"") | F45: =IF($D45="",0,1) -> 0 | G45: =IF($D45="","",IF(ISNUMBER(FIND("(",$D45)),TRIM(LEFT($D45,FIND("(",$D45)-1)),$D45)) | H45: =IF($D45="","",IF(ISNUMBER(FIND("(",$D45)),TRIM(SUBSTITUTE(MID($D45,FIND("(",$D45)+1,200),")","")),"")) | I45: =IF($G45="",0,IF(COUNTIF($G$2:$G45,$G45)=1,1,0)) -> 0 | J45: =IF($I45=0,"",SUMPRODUCT(($I$2:$I$1513=1)*($G$2:$G$1513<$G45))+1) | K45: =IF($H45="","",COUNTIF($H$2:$H45,"?*"))
A46: Barn - Back Rack | B46: Pallet E · L4 · line 9 | C46: EQUIP | D46: =IF('Barn - Back Rack'!H21="","",TRIM('Barn - Back Rack'!H21)) | E46: =IF($D46="","",'Barn - Back Rack'!I21&"") | F46: =IF($D46="",0,1) -> 0 | G46: =IF($D46="","",IF(ISNUMBER(FIND("(",$D46)),TRIM(LEFT($D46,FIND("(",$D46)-1)),$D46)) | H46: =IF($D46="","",IF(ISNUMBER(FIND("(",$D46)),TRIM(SUBSTITUTE(MID($D46,FIND("(",$D46)+1,200),")","")),"")) | I46: =IF($G46="",0,IF(COUNTIF($G$2:$G46,$G46)=1,1,0)) -> 0 | J46: =IF($I46=0,"",SUMPRODUCT(($I$2:$I$1513=1)*($G$2:$G$1513<$G46))+1) | K46: =IF($H46="","",COUNTIF($H$2:$H46,"?*"))
A47: Barn - Back Rack | B47: Pallet E · L4 · line 10 | C47: EQUIP | D47: =IF('Barn - Back Rack'!H22="","",TRIM('Barn - Back Rack'!H22)) | E47: =IF($D47="","",'Barn - Back Rack'!I22&"") | F47: =IF($D47="",0,1) -> 0 | G47: =IF($D47="","",IF(ISNUMBER(FIND("(",$D47)),TRIM(LEFT($D47,FIND("(",$D47)-1)),$D47)) | H47: =IF($D47="","",IF(ISNUMBER(FIND("(",$D47)),TRIM(SUBSTITUTE(MID($D47,FIND("(",$D47)+1,200),")","")),"")) | I47: =IF($G47="",0,IF(COUNTIF($G$2:$G47,$G47)=1,1,0)) -> 0 | J47: =IF($I47=0,"",SUMPRODUCT(($I$2:$I$1513=1)*($G$2:$G$1513<$G47))+1) | K47: =IF($H47="","",COUNTIF($H$2:$H47,"?*"))
A48: Barn - Back Rack | B48: Pallet E · L4 · line 11 | C48: EQUIP | D48: =IF('Barn - Back Rack'!H23="","",TRIM('Barn - Back Rack'!H23)) | E48: =IF($D48="","",'Barn - Back Rack'!I23&"") | F48: =IF($D48="",0,1) -> 0 | G48: =IF($D48="","",IF(ISNUMBER(FIND("(",$D48)),TRIM(LEFT($D48,FIND("(",$D48)-1)),$D48)) | H48: =IF($D48="","",IF(ISNUMBER(FIND("(",$D48)),TRIM(SUBSTITUTE(MID($D48,FIND("(",$D48)+1,200),")","")),"")) | I48: =IF($G48="",0,IF(COUNTIF($G$2:$G48,$G48)=1,1,0)) -> 0 | J48: =IF($I48=0,"",SUMPRODUCT(($I$2:$I$1513=1)*($G$2:$G$1513<$G48))+1) | K48: =IF($H48="","",COUNTIF($H$2:$H48,"?*"))
A49: Barn - Back Rack | B49: Pallet E · L4 · line 12 | C49: EQUIP | D49: =IF('Barn - Back Rack'!H24="","",TRIM('Barn - Back Rack'!H24)) | E49: =IF($D49="","",'Barn - Back Rack'!I24&"") | F49: =IF($D49="",0,1) -> 0 | G49: =IF($D49="","",IF(ISNUMBER(FIND("(",$D49)),TRIM(LEFT($D49,FIND("(",$D49)-1)),$D49)) | H49: =IF($D49="","",IF(ISNUMBER(FIND("(",$D49)),TRIM(SUBSTITUTE(MID($D49,FIND("(",$D49)+1,200),")","")),"")) | I49: =IF($G49="",0,IF(COUNTIF($G$2:$G49,$G49)=1,1,0)) -> 0 | J49: =IF($I49=0,"",SUMPRODUCT(($I$2:$I$1513=1)*($G$2:$G$1513<$G49))+1) | K49: =IF($H49="","",COUNTIF($H$2:$H49,"?*"))
A50: Barn - Back Rack | B50: Pallet F · L4 · line 1 | C50: DISP | D50: =IF('Barn - Back Rack'!J13="","",TRIM('Barn - Back Rack'!J13)) | F50: =IF($D50="",0,IF(ISNUMBER('Barn - Back Rack'!K13),'Barn - Back Rack'!K13,1)) -> 0 | G50: =IF($D50="","",IF(ISNUMBER(FIND("(",$D50)),TRIM(LEFT($D50,FIND("(",$D50)-1)),$D50)) | H50: =IF($D50="","",IF(ISNUMBER(FIND("(",$D50)),TRIM(SUBSTITUTE(MID($D50,FIND("(",$D50)+1,200),")","")),"")) | I50: =IF($G50="",0,IF(COUNTIF($G$2:$G50,$G50)=1,1,0)) -> 0 | J50: =IF($I50=0,"",SUMPRODUCT(($I$2:$I$1513=1)*($G$2:$G$1513<$G50))+1) | K50: =IF($H50="","",COUNTIF($H$2:$H50,"?*"))
A51: Barn - Back Rack | B51: Pallet F · L4 · line 2 | C51: DISP | D51: =IF('Barn - Back Rack'!J14="","",TRIM('Barn - Back Rack'!J14)) | F51: =IF($D51="",0,IF(ISNUMBER('Barn - Back Rack'!K14),'Barn - Back Rack'!K14,1)) -> 0 | G51: =IF($D51="","",IF(ISNUMBER(FIND("(",$D51)),TRIM(LEFT($D51,FIND("(",$D51)-1)),$D51)) | H51: =IF($D51="","",IF(ISNUMBER(FIND("(",$D51)),TRIM(SUBSTITUTE(MID($D51,FIND("(",$D51)+1,200),")","")),"")) | I51: =IF($G51="",0,IF(COUNTIF($G$2:$G51,$G51)=1,1,0)) -> 0 | J51: =IF($I51=0,"",SUMPRODUCT(($I$2:$I$1513=1)*($G$2:$G$1513<$G51))+1) | K51: =IF($H51="","",COUNTIF($H$2:$H51,"?*"))
A52: Barn - Back Rack | B52: Pallet F · L4 · line 3 | C52: DISP | D52: =IF('Barn - Back Rack'!J15="","",TRIM('Barn - Back Rack'!J15)) | F52: =IF($D52="",0,IF(ISNUMBER('Barn - Back Rack'!K15),'Barn - Back Rack'!K15,1)) -> 0 | G52: =IF($D52="","",IF(ISNUMBER(FIND("(",$D52)),TRIM(LEFT($D52,FIND("(",$D52)-1)),$D52)) | H52: =IF($D52="","",IF(ISNUMBER(FIND("(",$D52)),TRIM(SUBSTITUTE(MID($D52,FIND("(",$D52)+1,200),")","")),"")) | I52: =IF($G52="",0,IF(COUNTIF($G$2:$G52,$G52)=1,1,0)) -> 0 | J52: =IF($I52=0,"",SUMPRODUCT(($I$2:$I$1513=1)*($G$2:$G$1513<$G52))+1) | K52: =IF($H52="","",COUNTIF($H$2:$H52,"?*"))
A53: Barn - Back Rack | B53: Pallet F · L4 · line 4 | C53: DISP | D53: =IF('Barn - Back Rack'!J16="","",TRIM('Barn - Back Rack'!J16)) | F53: =IF($D53="",0,IF(ISNUMBER('Barn - Back Rack'!K16),'Barn - Back Rack'!K16,1)) -> 0 | G53: =IF($D53="","",IF(ISNUMBER(FIND("(",$D53)),TRIM(LEFT($D53,FIND("(",$D53)-1)),$D53)) | H53: =IF($D53="","",IF(ISNUMBER(FIND("(",$D53)),TRIM(SUBSTITUTE(MID($D53,FIND("(",$D53)+1,200),")","")),"")) | I53: =IF($G53="",0,IF(COUNTIF($G$2:$G53,$G53)=1,1,0)) -> 0 | J53: =IF($I53=0,"",SUMPRODUCT(($I$2:$I$1513=1)*($G$2:$G$1513<$G53))+1) | K53: =IF($H53="","",COUNTIF($H$2:$H53,"?*"))
A54: Barn - Back Rack | B54: Pallet F · L4 · line 5 | C54: DISP | D54: =IF('Barn - Back Rack'!J17="","",TRIM('Barn - Back Rack'!J17)) | F54: =IF($D54="",0,IF(ISNUMBER('Barn - Back Rack'!K17),'Barn - Back Rack'!K17,1)) -> 0 | G54: =IF($D54="","",IF(ISNUMBER(FIND("(",$D54)),TRIM(LEFT($D54,FIND("(",$D54)-1)),$D54)) | H54: =IF($D54="","",IF(ISNUMBER(FIND("(",$D54)),TRIM(SUBSTITUTE(MID($D54,FIND("(",$D54)+1,200),")","")),"")) | I54: =IF($G54="",0,IF(COUNTIF($G$2:$G54,$G54)=1,1,0)) -> 0 | J54: =IF($I54=0,"",SUMPRODUCT(($I$2:$I$1513=1)*($G$2:$G$1513<$G54))+1) | K54: =IF($H54="","",COUNTIF($H$2:$H54,"?*"))
A55: Barn - Back Rack | B55: Pallet F · L4 · line 6 | C55: DISP | D55: =IF('Barn - Back Rack'!J18="","",TRIM('Barn - Back Rack'!J18)) | F55: =IF($D55="",0,IF(ISNUMBER('Barn - Back Rack'!K18),'Barn - Back Rack'!K18,1)) -> 0 | G55: =IF($D55="","",IF(ISNUMBER(FIND("(",$D55)),TRIM(LEFT($D55,FIND("(",$D55)-1)),$D55)) | H55: =IF($D55="","",IF(ISNUMBER(FIND("(",$D55)),TRIM(SUBSTITUTE(MID($D55,FIND("(",$D55)+1,200),")","")),"")) | I55: =IF($G55="",0,IF(COUNTIF($G$2:$G55,$G55)=1,1,0)) -> 0 | J55: =IF($I55=0,"",SUMPRODUCT(($I$2:$I$1513=1)*($G$2:$G$1513<$G55))+1) | K55: =IF($H55="","",COUNTIF($H$2:$H55,"?*"))
A56: Barn - Back Rack | B56: Pallet F · L4 · line 7 | C56: DISP | D56: =IF('Barn - Back Rack'!J19="","",TRIM('Barn - Back Rack'!J19)) | F56: =IF($D56="",0,IF(ISNUMBER('Barn - Back Rack'!K19),'Barn - Back Rack'!K19,1)) -> 0 | G56: =IF($D56="","",IF(ISNUMBER(FIND("(",$D56)),TRIM(LEFT($D56,FIND("(",$D56)-1)),$D56)) | H56: =IF($D56="","",IF(ISNUMBER(FIND("(",$D56)),TRIM(SUBSTITUTE(MID($D56,FIND("(",$D56)+1,200),")","")),"")) | I56: =IF($G56="",0,IF(COUNTIF($G$2:$G56,$G56)=1,1,0)) -> 0 | J56: =IF($I56=0,"",SUMPRODUCT(($I$2:$I$1513=1)*($G$2:$G$1513<$G56))+1) | K56: =IF($H56="","",COUNTIF($H$2:$H56,"?*"))
A57: Barn - Back Rack | B57: Pallet F · L4 · line 8 | C57: DISP | D57: =IF('Barn - Back Rack'!J20="","",TRIM('Barn - Back Rack'!J20)) | F57: =IF($D57="",0,IF(ISNUMBER('Barn - Back Rack'!K20),'Barn - Back Rack'!K20,1)) -> 0 | G57: =IF($D57="","",IF(ISNUMBER(FIND("(",$D57)),TRIM(LEFT($D57,FIND("(",$D57)-1)),$D57)) | H57: =IF($D57="","",IF(ISNUMBER(FIND("(",$D57)),TRIM(SUBSTITUTE(MID($D57,FIND("(",$D57)+1,200),")","")),"")) | I57: =IF($G57="",0,IF(COUNTIF($G$2:$G57,$G57)=1,1,0)) -> 0 | J57: =IF($I57=0,"",SUMPRODUCT(($I$2:$I$1513=1)*($G$2:$G$1513<$G57))+1) | K57: =IF($H57="","",COUNTIF($H$2:$H57,"?*"))
A58: Barn - Back Rack | B58: Pallet F · L4 · line 9 | C58: DISP | D58: =IF('Barn - Back Rack'!J21="","",TRIM('Barn - Back Rack'!J21)) | F58: =IF($D58="",0,IF(ISNUMBER('Barn - Back Rack'!K21),'Barn - Back Rack'!K21,1)) -> 0 | G58: =IF($D58="","",IF(ISNUMBER(FIND("(",$D58)),TRIM(LEFT($D58,FIND("(",$D58)-1)),$D58)) | H58: =IF($D58="","",IF(ISNUMBER(FIND("(",$D58)),TRIM(SUBSTITUTE(MID($D58,FIND("(",$D58)+1,200),")","")),"")) | I58: =IF($G58="",0,IF(COUNTIF($G$2:$G58,$G58)=1,1,0)) -> 0 | J58: =IF($I58=0,"",SUMPRODUCT(($I$2:$I$1513=1)*($G$2:$G$1513<$G58))+1) | K58: =IF($H58="","",COUNTIF($H$2:$H58,"?*"))
A59: Barn - Back Rack | B59: Pallet F · L4 · line 10 | C59: DISP | D59: =IF('Barn - Back Rack'!J22="","",TRIM('Barn - Back Rack'!J22)) | F59: =IF($D59="",0,IF(ISNUMBER('Barn - Back Rack'!K22),'Barn - Back Rack'!K22,1)) -> 0 | G59: =IF($D59="","",IF(ISNUMBER(FIND("(",$D59)),TRIM(LEFT($D59,FIND("(",$D59)-1)),$D59)) | H59: =IF($D59="","",IF(ISNUMBER(FIND("(",$D59)),TRIM(SUBSTITUTE(MID($D59,FIND("(",$D59)+1,200),")","")),"")) | I59: =IF($G59="",0,IF(COUNTIF($G$2:$G59,$G59)=1,1,0)) -> 0 | J59: =IF($I59=0,"",SUMPRODUCT(($I$2:$I$1513=1)*($G$2:$G$1513<$G59))+1) | K59: =IF($H59="","",COUNTIF($H$2:$H59,"?*"))
A60: Barn - Back Rack | B60: Pallet F · L4 · line 11 | C60: DISP | D60: =IF('Barn - Back Rack'!J23="","",TRIM('Barn - Back Rack'!J23)) | F60: =IF($D60="",0,IF(ISNUMBER('Barn - Back Rack'!K23),'Barn - Back Rack'!K23,1)) -> 0 | G60: =IF($D60="","",IF(ISNUMBER(FIND("(",$D60)),TRIM(LEFT($D60,FIND("(",$D60)-1)),$D60)) | H60: =IF($D60="","",IF(ISNUMBER(FIND("(",$D60)),TRIM(SUBSTITUTE(MID($D60,FIND("(",$D60)+1,200),")","")),"")) | I60: =IF($G60="",0,IF(COUNTIF($G$2:$G60,$G60)=1,1,0)) -> 0 | J60: =IF($I60=0,"",SUMPRODUCT(($I$2:$I$1513=1)*($G$2:$G$1513<$G60))+1) | K60: =IF($H60="","",COUNTIF($H$2:$H60,"?*"))
A61: Barn - Back Rack | B61: Pallet F · L4 · line 12 | C61: DISP | D61: =IF('Barn - Back Rack'!J24="","",TRIM('Barn - Back Rack'!J24)) | F61: =IF($D61="",0,IF(ISNUMBER('Barn - Back Rack'!K24),'Barn - Back Rack'!K24,1)) -> 0 | G61: =IF($D61="","",IF(ISNUMBER(FIND("(",$D61)),TRIM(LEFT($D61,FIND("(",$D61)-1)),$D61)) | H61: =IF($D61="","",IF(ISNUMBER(FIND("(",$D61)),TRIM(SUBSTITUTE(MID($D61,FIND("(",$D61)+1,200),")","")),"")) | I61: =IF($G61="",0,IF(COUNTIF($G$2:$G61,$G61)=1,1,0)) -> 0 | J61: =IF($I61=0,"",SUMPRODUCT(($I$2:$I$1513=1)*($G$2:$G$1513<$G61))+1) | K61: =IF($H61="","",COUNTIF($H$2:$H61,"?*"))
A62: Barn - Back Rack | B62: Pallet G · L4 · line 1 | C62: DISP | D62: =IF('Barn - Back Rack'!L13="","",TRIM('Barn - Back Rack'!L13)) -> Bunn TDO5 | F62: =IF($D62="",0,IF(ISNUMBER('Barn - Back Rack'!M13),'Barn - Back Rack'!M13,1)) -> 3 | G62: =IF($D62="","",IF(ISNUMBER(FIND("(",$D62)),TRIM(LEFT($D62,FIND("(",$D62)-1)),$D62)) -> Bunn TDO5 | H62: =IF($D62="","",IF(ISNUMBER(FIND("(",$D62)),TRIM(SUBSTITUTE(MID($D62,FIND("(",$D62)+1,200),")","")),"")) | I62: =IF($G62="",0,IF(COUNTIF($G$2:$G62,$G62)=1,1,0)) -> 1 | J62: =IF($I62=0,"",SUMPRODUCT(($I$2:$I$1513=1)*($G$2:$G$1513<$G62))+1) -> 34 | K62: =IF($H62="","",COUNTIF($H$2:$H62,"?*"))
A63: Barn - Back Rack | B63: Pallet G · L4 · line 2 | C63: DISP | D63: =IF('Barn - Back Rack'!L14="","",TRIM('Barn - Back Rack'!L14)) -> Bunn TDO4 | F63: =IF($D63="",0,IF(ISNUMBER('Barn - Back Rack'!M14),'Barn - Back Rack'!M14,1)) -> 6 | G63: =IF($D63="","",IF(ISNUMBER(FIND("(",$D63)),TRIM(LEFT($D63,FIND("(",$D63)-1)),$D63)) -> Bunn TDO4 | H63: =IF($D63="","",IF(ISNUMBER(FIND("(",$D63)),TRIM(SUBSTITUTE(MID($D63,FIND("(",$D63)+1,200),")","")),"")) | I63: =IF($G63="",0,IF(COUNTIF($G$2:$G63,$G63)=1,1,0)) -> 1 | J63: =IF($I63=0,"",SUMPRODUCT(($I$2:$I$1513=1)*($G$2:$G$1513<$G63))+1) -> 33 | K63: =IF($H63="","",COUNTIF($H$2:$H63,"?*"))
A64: Barn - Back Rack | B64: Pallet G · L4 · line 3 | C64: DISP | D64: =IF('Barn - Back Rack'!L15="","",TRIM('Barn - Back Rack'!L15)) -> Bunn TDO3.5LP | F64: =IF($D64="",0,IF(ISNUMBER('Barn - Back Rack'!M15),'Barn - Back Rack'!M15,1)) -> 1 | G64: =IF($D64="","",IF(ISNUMBER(FIND("(",$D64)),TRIM(LEFT($D64,FIND("(",$D64)-1)),$D64)) -> Bunn TDO3.5LP | H64: =IF($D64="","",IF(ISNUMBER(FIND("(",$D64)),TRIM(SUBSTITUTE(MID($D64,FIND("(",$D64)+1,200),")","")),"")) | I64: =IF($G64="",0,IF(COUNTIF($G$2:$G64,$G64)=1,1,0)) -> 1 | J64: =IF($I64=0,"",SUMPRODUCT(($I$2:$I$1513=1)*($G$2:$G$1513<$G64))+1) -> 32 | K64: =IF($H64="","",COUNTIF($H$2:$H64,"?*"))
A65: Barn - Back Rack | B65: Pallet G · L4 · line 4 | C65: DISP | D65: =IF('Barn - Back Rack'!L16="","",TRIM('Barn - Back Rack'!L16)) | F65: =IF($D65="",0,IF(ISNUMBER('Barn - Back Rack'!M16),'Barn - Back Rack'!M16,1)) -> 0 | G65: =IF($D65="","",IF(ISNUMBER(FIND("(",$D65)),TRIM(LEFT($D65,FIND("(",$D65)-1)),$D65)) | H65: =IF($D65="","",IF(ISNUMBER(FIND("(",$D65)),TRIM(SUBSTITUTE(MID($D65,FIND("(",$D65)+1,200),")","")),"")) | I65: =IF($G65="",0,IF(COUNTIF($G$2:$G65,$G65)=1,1,0)) -> 0 | J65: =IF($I65=0,"",SUMPRODUCT(($I$2:$I$1513=1)*($G$2:$G$1513<$G65))+1) | K65: =IF($H65="","",COUNTIF($H$2:$H65,"?*"))
A66: Barn - Back Rack | B66: Pallet G · L4 · line 5 | C66: DISP | D66: =IF('Barn - Back Rack'!L17="","",TRIM('Barn - Back Rack'!L17)) | F66: =IF($D66="",0,IF(ISNUMBER('Barn - Back Rack'!M17),'Barn - Back Rack'!M17,1)) -> 0 | G66: =IF($D66="","",IF(ISNUMBER(FIND("(",$D66)),TRIM(LEFT($D66,FIND("(",$D66)-1)),$D66)) | H66: =IF($D66="","",IF(ISNUMBER(FIND("(",$D66)),TRIM(SUBSTITUTE(MID($D66,FIND("(",$D66)+1,200),")","")),"")) | I66: =IF($G66="",0,IF(COUNTIF($G$2:$G66,$G66)=1,1,0)) -> 0 | J66: =IF($I66=0,"",SUMPRODUCT(($I$2:$I$1513=1)*($G$2:$G$1513<$G66))+1) | K66: =IF($H66="","",COUNTIF($H$2:$H66,"?*"))
A67: Barn - Back Rack | B67: Pallet G · L4 · line 6 | C67: DISP | D67: =IF('Barn - Back Rack'!L18="","",TRIM('Barn - Back Rack'!L18)) | F67: =IF($D67="",0,IF(ISNUMBER('Barn - Back Rack'!M18),'Barn - Back Rack'!M18,1)) -> 0 | G67: =IF($D67="","",IF(ISNUMBER(FIND("(",$D67)),TRIM(LEFT($D67,FIND("(",$D67)-1)),$D67)) | H67: =IF($D67="","",IF(ISNUMBER(FIND("(",$D67)),TRIM(SUBSTITUTE(MID($D67,FIND("(",$D67)+1,200),")","")),"")) | I67: =IF($G67="",0,IF(COUNTIF($G$2:$G67,$G67)=1,1,0)) -> 0 | J67: =IF($I67=0,"",SUMPRODUCT(($I$2:$I$1513=1)*($G$2:$G$1513<$G67))+1) | K67: =IF($H67="","",COUNTIF($H$2:$H67,"?*"))
A68: Barn - Back Rack | B68: Pallet G · L4 · line 7 | C68: DISP | D68: =IF('Barn - Back Rack'!L19="","",TRIM('Barn - Back Rack'!L19)) | F68: =IF($D68="",0,IF(ISNUMBER('Barn - Back Rack'!M19),'Barn - Back Rack'!M19,1)) -> 0 | G68: =IF($D68="","",IF(ISNUMBER(FIND("(",$D68)),TRIM(LEFT($D68,FIND("(",$D68)-1)),$D68)) | H68: =IF($D68="","",IF(ISNUMBER(FIND("(",$D68)),TRIM(SUBSTITUTE(MID($D68,FIND("(",$D68)+1,200),")","")),"")) | I68: =IF($G68="",0,IF(COUNTIF($G$2:$G68,$G68)=1,1,0)) -> 0 | J68: =IF($I68=0,"",SUMPRODUCT(($I$2:$I$1513=1)*($G$2:$G$1513<$G68))+1) | K68: =IF($H68="","",COUNTIF($H$2:$H68,"?*"))
A69: Barn - Back Rack | B69: Pallet G · L4 · line 8 | C69: DISP | D69: =IF('Barn - Back Rack'!L20="","",TRIM('Barn - Back Rack'!L20)) | F69: =IF($D69="",0,IF(ISNUMBER('Barn - Back Rack'!M20),'Barn - Back Rack'!M20,1)) -> 0 | G69: =IF($D69="","",IF(ISNUMBER(FIND("(",$D69)),TRIM(LEFT($D69,FIND("(",$D69)-1)),$D69)) | H69: =IF($D69="","",IF(ISNUMBER(FIND("(",$D69)),TRIM(SUBSTITUTE(MID($D69,FIND("(",$D69)+1,200),")","")),"")) | I69: =IF($G69="",0,IF(COUNTIF($G$2:$G69,$G69)=1,1,0)) -> 0 | J69: =IF($I69=0,"",SUMPRODUCT(($I$2:$I$1513=1)*($G$2:$G$1513<$G69))+1) | K69: =IF($H69="","",COUNTIF($H$2:$H69,"?*"))
A70: Barn - Back Rack | B70: Pallet G · L4 · line 9 | C70: DISP | D70: =IF('Barn - Back Rack'!L21="","",TRIM('Barn - Back Rack'!L21)) | F70: =IF($D70="",0,IF(ISNUMBER('Barn - Back Rack'!M21),'Barn - Back Rack'!M21,1)) -> 0 | G70: =IF($D70="","",IF(ISNUMBER(FIND("(",$D70)),TRIM(LEFT($D70,FIND("(",$D70)-1)),$D70)) | H70: =IF($D70="","",IF(ISNUMBER(FIND("(",$D70)),TRIM(SUBSTITUTE(MID($D70,FIND("(",$D70)+1,200),")","")),"")) | I70: =IF($G70="",0,IF(COUNTIF($G$2:$G70,$G70)=1,1,0)) -> 0 | J70: =IF($I70=0,"",SUMPRODUCT(($I$2:$I$1513=1)*($G$2:$G$1513<$G70))+1) | K70: =IF($H70="","",COUNTIF($H$2:$H70,"?*"))
A71: Barn - Back Rack | B71: Pallet G · L4 · line 10 | C71: DISP | D71: =IF('Barn - Back Rack'!L22="","",TRIM('Barn - Back Rack'!L22)) | F71: =IF($D71="",0,IF(ISNUMBER('Barn - Back Rack'!M22),'Barn - Back Rack'!M22,1)) -> 0 | G71: =IF($D71="","",IF(ISNUMBER(FIND("(",$D71)),TRIM(LEFT($D71,FIND("(",$D71)-1)),$D71)) | H71: =IF($D71="","",IF(ISNUMBER(FIND("(",$D71)),TRIM(SUBSTITUTE(MID($D71,FIND("(",$D71)+1,200),")","")),"")) | I71: =IF($G71="",0,IF(COUNTIF($G$2:$G71,$G71)=1,1,0)) -> 0 | J71: =IF($I71=0,"",SUMPRODUCT(($I$2:$I$1513=1)*($G$2:$G$1513<$G71))+1) | K71: =IF($H71="","",COUNTIF($H$2:$H71,"?*"))
A72: Barn - Back Rack | B72: Pallet G · L4 · line 11 | C72: DISP | D72: =IF('Barn - Back Rack'!L23="","",TRIM('Barn - Back Rack'!L23)) | F72: =IF($D72="",0,IF(ISNUMBER('Barn - Back Rack'!M23),'Barn - Back Rack'!M23,1)) -> 0 | G72: =IF($D72="","",IF(ISNUMBER(FIND("(",$D72)),TRIM(LEFT($D72,FIND("(",$D72)-1)),$D72)) | H72: =IF($D72="","",IF(ISNUMBER(FIND("(",$D72)),TRIM(SUBSTITUTE(MID($D72,FIND("(",$D72)+1,200),")","")),"")) | I72: =IF($G72="",0,IF(COUNTIF($G$2:$G72,$G72)=1,1,0)) -> 0 | J72: =IF($I72=0,"",SUMPRODUCT(($I$2:$I$1513=1)*($G$2:$G$1513<$G72))+1) | K72: =IF($H72="","",COUNTIF($H$2:$H72,"?*"))
A73: Barn - Back Rack | B73: Pallet G · L4 · line 12 | C73: DISP | D73: =IF('Barn - Back Rack'!L24="","",TRIM('Barn - Back Rack'!L24)) | F73: =IF($D73="",0,IF(ISNUMBER('Barn - Back Rack'!M24),'Barn - Back Rack'!M24,1)) -> 0 | G73: =IF($D73="","",IF(ISNUMBER(FIND("(",$D73)),TRIM(LEFT($D73,FIND("(",$D73)-1)),$D73)) | H73: =IF($D73="","",IF(ISNUMBER(FIND("(",$D73)),TRIM(SUBSTITUTE(MID($D73,FIND("(",$D73)+1,200),")","")),"")) | I73: =IF($G73="",0,IF(COUNTIF($G$2:$G73,$G73)=1,1,0)) -> 0 | J73: =IF($I73=0,"",SUMPRODUCT(($I$2:$I$1513=1)*($G$2:$G$1513<$G73))+1) | K73: =IF($H73="","",COUNTIF($H$2:$H73,"?*"))
A74: Barn - Back Rack | B74: Pallet H · L4 · line 1 | C74: EQUIP | D74: =IF('Barn - Back Rack'!N13="","",TRIM('Barn - Back Rack'!N13)) | E74: =IF($D74="","",'Barn - Back Rack'!O13&"") | F74: =IF($D74="",0,1) -> 0 | G74: =IF($D74="","",IF(ISNUMBER(FIND("(",$D74)),TRIM(LEFT($D74,FIND("(",$D74)-1)),$D74)) | H74: =IF($D74="","",IF(ISNUMBER(FIND("(",$D74)),TRIM(SUBSTITUTE(MID($D74,FIND("(",$D74)+1,200),")","")),"")) | I74: =IF($G74="",0,IF(COUNTIF($G$2:$G74,$G74)=1,1,0)) -> 0 | J74: =IF($I74=0,"",SUMPRODUCT(($I$2:$I$1513=1)*($G$2:$G$1513<$G74))+1) | K74: =IF($H74="","",COUNTIF($H$2:$H74,"?*"))
A75: Barn - Back Rack | B75: Pallet H · L4 · line 2 | C75: EQUIP | D75: =IF('Barn - Back Rack'!N14="","",TRIM('Barn - Back Rack'!N14)) | E75: =IF($D75="","",'Barn - Back Rack'!O14&"") | F75: =IF($D75="",0,1) -> 0 | G75: =IF($D75="","",IF(ISNUMBER(FIND("(",$D75)),TRIM(LEFT($D75,FIND("(",$D75)-1)),$D75)) | H75: =IF($D75="","",IF(ISNUMBER(FIND("(",$D75)),TRIM(SUBSTITUTE(MID($D75,FIND("(",$D75)+1,200),")","")),"")) | I75: =IF($G75="",0,IF(COUNTIF($G$2:$G75,$G75)=1,1,0)) -> 0 | J75: =IF($I75=0,"",SUMPRODUCT(($I$2:$I$1513=1)*($G$2:$G$1513<$G75))+1) | K75: =IF($H75="","",COUNTIF($H$2:$H75,"?*"))
A76: Barn - Back Rack | B76: Pallet H · L4 · line 3 | C76: EQUIP | D76: =IF('Barn - Back Rack'!N15="","",TRIM('Barn - Back Rack'!N15)) | E76: =IF($D76="","",'Barn - Back Rack'!O15&"") | F76: =IF($D76="",0,1) -> 0 | G76: =IF($D76="","",IF(ISNUMBER(FIND("(",$D76)),TRIM(LEFT($D76,FIND("(",$D76)-1)),$D76)) | H76: =IF($D76="","",IF(ISNUMBER(FIND("(",$D76)),TRIM(SUBSTITUTE(MID($D76,FIND("(",$D76)+1,200),")","")),"")) | I76: =IF($G76="",0,IF(COUNTIF($G$2:$G76,$G76)=1,1,0)) -> 0 | J76: =IF($I76=0,"",SUMPRODUCT(($I$2:$I$1513=1)*($G$2:$G$1513<$G76))+1) | K76: =IF($H76="","",COUNTIF($H$2:$H76,"?*"))
A77: Barn - Back Rack | B77: Pallet H · L4 · line 4 | C77: EQUIP | D77: =IF('Barn - Back Rack'!N16="","",TRIM('Barn - Back Rack'!N16)) | E77: =IF($D77="","",'Barn - Back Rack'!O16&"") | F77: =IF($D77="",0,1) -> 0 | G77: =IF($D77="","",IF(ISNUMBER(FIND("(",$D77)),TRIM(LEFT($D77,FIND("(",$D77)-1)),$D77)) | H77: =IF($D77="","",IF(ISNUMBER(FIND("(",$D77)),TRIM(SUBSTITUTE(MID($D77,FIND("(",$D77)+1,200),")","")),"")) | I77: =IF($G77="",0,IF(COUNTIF($G$2:$G77,$G77)=1,1,0)) -> 0 | J77: =IF($I77=0,"",SUMPRODUCT(($I$2:$I$1513=1)*($G$2:$G$1513<$G77))+1) | K77: =IF($H77="","",COUNTIF($H$2:$H77,"?*"))
A78: Barn - Back Rack | B78: Pallet H · L4 · line 5 | C78: EQUIP | D78: =IF('Barn - Back Rack'!N17="","",TRIM('Barn - Back Rack'!N17)) | E78: =IF($D78="","",'Barn - Back Rack'!O17&"") | F78: =IF($D78="",0,1) -> 0 | G78: =IF($D78="","",IF(ISNUMBER(FIND("(",$D78)),TRIM(LEFT($D78,FIND("(",$D78)-1)),$D78)) | H78: =IF($D78="","",IF(ISNUMBER(FIND("(",$D78)),TRIM(SUBSTITUTE(MID($D78,FIND("(",$D78)+1,200),")","")),"")) | I78: =IF($G78="",0,IF(COUNTIF($G$2:$G78,$G78)=1,1,0)) -> 0 | J78: =IF($I78=0,"",SUMPRODUCT(($I$2:$I$1513=1)*($G$2:$G$1513<$G78))+1) | K78: =IF($H78="","",COUNTIF($H$2:$H78,"?*"))
A79: Barn - Back Rack | B79: Pallet H · L4 · line 6 | C79: EQUIP | D79: =IF('Barn - Back Rack'!N18="","",TRIM('Barn - Back Rack'!N18)) | E79: =IF($D79="","",'Barn - Back Rack'!O18&"") | F79: =IF($D79="",0,1) -> 0 | G79: =IF($D79="","",IF(ISNUMBER(FIND("(",$D79)),TRIM(LEFT($D79,FIND("(",$D79)-1)),$D79)) | H79: =IF($D79="","",IF(ISNUMBER(FIND("(",$D79)),TRIM(SUBSTITUTE(MID($D79,FIND("(",$D79)+1,200),")","")),"")) | I79: =IF($G79="",0,IF(COUNTIF($G$2:$G79,$G79)=1,1,0)) -> 0 | J79: =IF($I79=0,"",SUMPRODUCT(($I$2:$I$1513=1)*($G$2:$G$1513<$G79))+1) | K79: =IF($H79="","",COUNTIF($H$2:$H79,"?*"))
A80: Barn - Back Rack | B80: Pallet H · L4 · line 7 | C80: EQUIP | D80: =IF('Barn - Back Rack'!N19="","",TRIM('Barn - Back Rack'!N19)) | E80: =IF($D80="","",'Barn - Back Rack'!O19&"") | F80: =IF($D80="",0,1) -> 0 | G80: =IF($D80="","",IF(ISNUMBER(FIND("(",$D80)),TRIM(LEFT($D80,FIND("(",$D80)-1)),$D80)) | H80: =IF($D80="","",IF(ISNUMBER(FIND("(",$D80)),TRIM(SUBSTITUTE(MID($D80,FIND("(",$D80)+1,200),")","")),"")) | I80: =IF($G80="",0,IF(COUNTIF($G$2:$G80,$G80)=1,1,0)) -> 0 | J80: =IF($I80=0,"",SUMPRODUCT(($I$2:$I$1513=1)*($G$2:$G$1513<$G80))+1) | K80: =IF($H80="","",COUNTIF($H$2:$H80,"?*"))
A81: Barn - Back Rack | B81: Pallet H · L4 · line 8 | C81: EQUIP | D81: =IF('Barn - Back Rack'!N20="","",TRIM('Barn - Back Rack'!N20)) | E81: =IF($D81="","",'Barn - Back Rack'!O20&"") | F81: =IF($D81="",0,1) -> 0 | G81: =IF($D81="","",IF(ISNUMBER(FIND("(",$D81)),TRIM(LEFT($D81,FIND("(",$D81)-1)),$D81)) | H81: =IF($D81="","",IF(ISNUMBER(FIND("(",$D81)),TRIM(SUBSTITUTE(MID($D81,FIND("(",$D81)+1,200),")","")),"")) | I81: =IF($G81="",0,IF(COUNTIF($G$2:$G81,$G81)=1,1,0)) -> 0 | J81: =IF($I81=0,"",SUMPRODUCT(($I$2:$I$1513=1)*($G$2:$G$1513<$G81))+1) | K81: =IF($H81="","",COUNTIF($H$2:$H81,"?*"))
A82: Barn - Back Rack | B82: Pallet H · L4 · line 9 | C82: EQUIP | D82: =IF('Barn - Back Rack'!N21="","",TRIM('Barn - Back Rack'!N21)) | E82: =IF($D82="","",'Barn - Back Rack'!O21&"") | F82: =IF($D82="",0,1) -> 0 | G82: =IF($D82="","",IF(ISNUMBER(FIND("(",$D82)),TRIM(LEFT($D82,FIND("(",$D82)-1)),$D82)) | H82: =IF($D82="","",IF(ISNUMBER(FIND("(",$D82)),TRIM(SUBSTITUTE(MID($D82,FIND("(",$D82)+1,200),")","")),"")) | I82: =IF($G82="",0,IF(COUNTIF($G$2:$G82,$G82)=1,1,0)) -> 0 | J82: =IF($I82=0,"",SUMPRODUCT(($I$2:$I$1513=1)*($G$2:$G$1513<$G82))+1) | K82: =IF($H82="","",COUNTIF($H$2:$H82,"?*"))
A83: Barn - Back Rack | B83: Pallet H · L4 · line 10 | C83: EQUIP | D83: =IF('Barn - Back Rack'!N22="","",TRIM('Barn - Back Rack'!N22)) | E83: =IF($D83="","",'Barn - Back Rack'!O22&"") | F83: =IF($D83="",0,1) -> 0 | G83: =IF($D83="","",IF(ISNUMBER(FIND("(",$D83)),TRIM(LEFT($D83,FIND("(",$D83)-1)),$D83)) | H83: =IF($D83="","",IF(ISNUMBER(FIND("(",$D83)),TRIM(SUBSTITUTE(MID($D83,FIND("(",$D83)+1,200),")","")),"")) | I83: =IF($G83="",0,IF(COUNTIF($G$2:$G83,$G83)=1,1,0)) -> 0 | J83: =IF($I83=0,"",SUMPRODUCT(($I$2:$I$1513=1)*($G$2:$G$1513<$G83))+1) | K83: =IF($H83="","",COUNTIF($H$2:$H83,"?*"))
A84: Barn - Back Rack | B84: Pallet H · L4 · line 11 | C84: EQUIP | D84: =IF('Barn - Back Rack'!N23="","",TRIM('Barn - Back Rack'!N23)) | E84: =IF($D84="","",'Barn - Back Rack'!O23&"") | F84: =IF($D84="",0,1) -> 0 | G84: =IF($D84="","",IF(ISNUMBER(FIND("(",$D84)),TRIM(LEFT($D84,FIND("(",$D84)-1)),$D84)) | H84: =IF($D84="","",IF(ISNUMBER(FIND("(",$D84)),TRIM(SUBSTITUTE(MID($D84,FIND("(",$D84)+1,200),")","")),"")) | I84: =IF($G84="",0,IF(COUNTIF($G$2:$G84,$G84)=1,1,0)) -> 0 | J84: =IF($I84=0,"",SUMPRODUCT(($I$2:$I$1513=1)*($G$2:$G$1513<$G84))+1) | K84: =IF($H84="","",COUNTIF($H$2:$H84,"?*"))
A85: Barn - Back Rack | B85: Pallet H · L4 · line 12 | C85: EQUIP | D85: =IF('Barn - Back Rack'!N24="","",TRIM('Barn - Back Rack'!N24)) | E85: =IF($D85="","",'Barn - Back Rack'!O24&"") | F85: =IF($D85="",0,1) -> 0 | G85: =IF($D85="","",IF(ISNUMBER(FIND("(",$D85)),TRIM(LEFT($D85,FIND("(",$D85)-1)),$D85)) | H85: =IF($D85="","",IF(ISNUMBER(FIND("(",$D85)),TRIM(SUBSTITUTE(MID($D85,FIND("(",$D85)+1,200),")","")),"")) | I85: =IF($G85="",0,IF(COUNTIF($G$2:$G85,$G85)=1,1,0)) -> 0 | J85: =IF($I85=0,"",SUMPRODUCT(($I$2:$I$1513=1)*($G$2:$G$1513<$G85))+1) | K85: =IF($H85="","",COUNTIF($H$2:$H85,"?*"))
A86: Barn - Back Rack | B86: Pallet I · L4 · line 1 | C86: EQUIP | D86: =IF('Barn - Back Rack'!P13="","",TRIM('Barn - Back Rack'!P13)) -> Eversys Cameo c'2m | E86: =IF($D86="","",'Barn - Back Rack'!Q13&"") -> 0183330226105C0012 | F86: =IF($D86="",0,1) -> 1 | G86: =IF($D86="","",IF(ISNUMBER(FIND("(",$D86)),TRIM(LEFT($D86,FIND("(",$D86)-1)),$D86)) -> Eversys Cameo c'2m | H86: =IF($D86="","",IF(ISNUMBER(FIND("(",$D86)),TRIM(SUBSTITUTE(MID($D86,FIND("(",$D86)+1,200),")","")),"")) | I86: =IF($G86="",0,IF(COUNTIF($G$2:$G86,$G86)=1,1,0)) -> 1 | J86: =IF($I86=0,"",SUMPRODUCT(($I$2:$I$1513=1)*($G$2:$G$1513<$G86))+1) -> 38 | K86: =IF($H86="","",COUNTIF($H$2:$H86,"?*"))
A87: Barn - Back Rack | B87: Pallet I · L4 · line 2 | C87: EQUIP | D87: =IF('Barn - Back Rack'!P14="","",TRIM('Barn - Back Rack'!P14)) -> Eversys c'Fridge Beside | E87: =IF($D87="","",'Barn - Back Rack'!Q14&"") -> 0107460025057C0021 | F87: =IF($D87="",0,1) -> 1 | G87: =IF($D87="","",IF(ISNUMBER(FIND("(",$D87)),TRIM(LEFT($D87,FIND("(",$D87)-1)),$D87)) -> Eversys c'Fridge Beside | H87: =IF($D87="","",IF(ISNUMBER(FIND("(",$D87)),TRIM(SUBSTITUTE(MID($D87,FIND("(",$D87)+1,200),")","")),"")) | I87: =IF($G87="",0,IF(COUNTIF($G$2:$G87,$G87)=1,1,0)) -> 1 | J87: =IF($I87=0,"",SUMPRODUCT(($I$2:$I$1513=1)*($G$2:$G$1513<$G87))+1) -> 40 | K87: =IF($H87="","",COUNTIF($H$2:$H87,"?*"))
A88: Barn - Back Rack | B88: Pallet I · L4 · line 3 | C88: EQUIP | D88: =IF('Barn - Back Rack'!P15="","",TRIM('Barn - Back Rack'!P15)) | E88: =IF($D88="","",'Barn - Back Rack'!Q15&"") | F88: =IF($D88="",0,1) -> 0 | G88: =IF($D88="","",IF(ISNUMBER(FIND("(",$D88)),TRIM(LEFT($D88,FIND("(",$D88)-1)),$D88)) | H88: =IF($D88="","",IF(ISNUMBER(FIND("(",$D88)),TRIM(SUBSTITUTE(MID($D88,FIND("(",$D88)+1,200),")","")),"")) | I88: =IF($G88="",0,IF(COUNTIF($G$2:$G88,$G88)=1,1,0)) -> 0 | J88: =IF($I88=0,"",SUMPRODUCT(($I$2:$I$1513=1)*($G$2:$G$1513<$G88))+1) | K88: =IF($H88="","",COUNTIF($H$2:$H88,"?*"))
A89: Barn - Back Rack | B89: Pallet I · L4 · line 4 | C89: EQUIP | D89: =IF('Barn - Back Rack'!P16="","",TRIM('Barn - Back Rack'!P16)) | E89: =IF($D89="","",'Barn - Back Rack'!Q16&"") | F89: =IF($D89="",0,1) -> 0 | G89: =IF($D89="","",IF(ISNUMBER(FIND("(",$D89)),TRIM(LEFT($D89,FIND("(",$D89)-1)),$D89)) | H89: =IF($D89="","",IF(ISNUMBER(FIND("(",$D89)),TRIM(SUBSTITUTE(MID($D89,FIND("(",$D89)+1,200),")","")),"")) | I89: =IF($G89="",0,IF(COUNTIF($G$2:$G89,$G89)=1,1,0)) -> 0 | J89: =IF($I89=0,"",SUMPRODUCT(($I$2:$I$1513=1)*($G$2:$G$1513<$G89))+1) | K89: =IF($H89="","",COUNTIF($H$2:$H89,"?*"))
A90: Barn - Back Rack | B90: Pallet I · L4 · line 5 | C90: EQUIP | D90: =IF('Barn - Back Rack'!P17="","",TRIM('Barn - Back Rack'!P17)) | E90: =IF($D90="","",'Barn - Back Rack'!Q17&"") | F90: =IF($D90="",0,1) -> 0 | G90: =IF($D90="","",IF(ISNUMBER(FIND("(",$D90)),TRIM(LEFT($D90,FIND("(",$D90)-1)),$D90)) | H90: =IF($D90="","",IF(ISNUMBER(FIND("(",$D90)),TRIM(SUBSTITUTE(MID($D90,FIND("(",$D90)+1,200),")","")),"")) | I90: =IF($G90="",0,IF(COUNTIF($G$2:$G90,$G90)=1,1,0)) -> 0 | J90: =IF($I90=0,"",SUMPRODUCT(($I$2:$I$1513=1)*($G$2:$G$1513<$G90))+1) | K90: =IF($H90="","",COUNTIF($H$2:$H90,"?*"))
A91: Barn - Back Rack | B91: Pallet I · L4 · line 6 | C91: EQUIP | D91: =IF('Barn - Back Rack'!P18="","",TRIM('Barn - Back Rack'!P18)) | E91: =IF($D91="","",'Barn - Back Rack'!Q18&"") | F91: =IF($D91="",0,1) -> 0 | G91: =IF($D91="","",IF(ISNUMBER(FIND("(",$D91)),TRIM(LEFT($D91,FIND("(",$D91)-1)),$D91)) | H91: =IF($D91="","",IF(ISNUMBER(FIND("(",$D91)),TRIM(SUBSTITUTE(MID($D91,FIND("(",$D91)+1,200),")","")),"")) | I91: =IF($G91="",0,IF(COUNTIF($G$2:$G91,$G91)=1,1,0)) -> 0 | J91: =IF($I91=0,"",SUMPRODUCT(($I$2:$I$1513=1)*($G$2:$G$1513<$G91))+1) | K91: =IF($H91="","",COUNTIF($H$2:$H91,"?*"))
A92: Barn - Back Rack | B92: Pallet I · L4 · line 7 | C92: EQUIP | D92: =IF('Barn - Back Rack'!P19="","",TRIM('Barn - Back Rack'!P19)) | E92: =IF($D92="","",'Barn - Back Rack'!Q19&"") | F92: =IF($D92="",0,1) -> 0 | G92: =IF($D92="","",IF(ISNUMBER(FIND("(",$D92)),TRIM(LEFT($D92,FIND("(",$D92)-1)),$D92)) | H92: =IF($D92="","",IF(ISNUMBER(FIND("(",$D92)),TRIM(SUBSTITUTE(MID($D92,FIND("(",$D92)+1,200),")","")),"")) | I92: =IF($G92="",0,IF(COUNTIF($G$2:$G92,$G92)=1,1,0)) -> 0 | J92: =IF($I92=0,"",SUMPRODUCT(($I$2:$I$1513=1)*($G$2:$G$1513<$G92))+1) | K92: =IF($H92="","",COUNTIF($H$2:$H92,"?*"))
A93: Barn - Back Rack | B93: Pallet I · L4 · line 8 | C93: EQUIP | D93: =IF('Barn - Back Rack'!P20="","",TRIM('Barn - Back Rack'!P20)) | E93: =IF($D93="","",'Barn - Back Rack'!Q20&"") | F93: =IF($D93="",0,1) -> 0 | G93: =IF($D93="","",IF(ISNUMBER(FIND("(",$D93)),TRIM(LEFT($D93,FIND("(",$D93)-1)),$D93)) | H93: =IF($D93="","",IF(ISNUMBER(FIND("(",$D93)),TRIM(SUBSTITUTE(MID($D93,FIND("(",$D93)+1,200),")","")),"")) | I93: =IF($G93="",0,IF(COUNTIF($G$2:$G93,$G93)=1,1,0)) -> 0 | J93: =IF($I93=0,"",SUMPRODUCT(($I$2:$I$1513=1)*($G$2:$G$1513<$G93))+1) | K93: =IF($H93="","",COUNTIF($H$2:$H93,"?*"))
A94: Barn - Back Rack | B94: Pallet I · L4 · line 9 | C94: EQUIP | D94: =IF('Barn - Back Rack'!P21="","",TRIM('Barn - Back Rack'!P21)) | E94: =IF($D94="","",'Barn - Back Rack'!Q21&"") | F94: =IF($D94="",0,1) -> 0 | G94: =IF($D94="","",IF(ISNUMBER(FIND("(",$D94)),TRIM(LEFT($D94,FIND("(",$D94)-1)),$D94)) | H94: =IF($D94="","",IF(ISNUMBER(FIND("(",$D94)),TRIM(SUBSTITUTE(MID($D94,FIND("(",$D94)+1,200),")","")),"")) | I94: =IF($G94="",0,IF(COUNTIF($G$2:$G94,$G94)=1,1,0)) -> 0 | J94: =IF($I94=0,"",SUMPRODUCT(($I$2:$I$1513=1)*($G$2:$G$1513<$G94))+1) | K94: =IF($H94="","",COUNTIF($H$2:$H94,"?*"))
A95: Barn - Back Rack | B95: Pallet I · L4 · line 10 | C95: EQUIP | D95: =IF('Barn - Back Rack'!P22="","",TRIM('Barn - Back Rack'!P22)) | E95: =IF($D95="","",'Barn - Back Rack'!Q22&"") | F95: =IF($D95="",0,1) -> 0 | G95: =IF($D95="","",IF(ISNUMBER(FIND("(",$D95)),TRIM(LEFT($D95,FIND("(",$D95)-1)),$D95)) | H95: =IF($D95="","",IF(ISNUMBER(FIND("(",$D95)),TRIM(SUBSTITUTE(MID($D95,FIND("(",$D95)+1,200),")","")),"")) | I95: =IF($G95="",0,IF(COUNTIF($G$2:$G95,$G95)=1,1,0)) -> 0 | J95: =IF($I95=0,"",SUMPRODUCT(($I$2:$I$1513=1)*($G$2:$G$1513<$G95))+1) | K95: =IF($H95="","",COUNTIF($H$2:$H95,"?*"))
A96: Barn - Back Rack | B96: Pallet I · L4 · line 11 | C96: EQUIP | D96: =IF('Barn - Back Rack'!P23="","",TRIM('Barn - Back Rack'!P23)) | E96: =IF($D96="","",'Barn - Back Rack'!Q23&"") | F96: =IF($D96="",0,1) -> 0 | G96: =IF($D96="","",IF(ISNUMBER(FIND("(",$D96)),TRIM(LEFT($D96,FIND("(",$D96)-1)),$D96)) | H96: =IF($D96="","",IF(ISNUMBER(FIND("(",$D96)),TRIM(SUBSTITUTE(MID($D96,FIND("(",$D96)+1,200),")","")),"")) | I96: =IF($G96="",0,IF(COUNTIF($G$2:$G96,$G96)=1,1,0)) -> 0 | J96: =IF($I96=0,"",SUMPRODUCT(($I$2:$I$1513=1)*($G$2:$G$1513<$G96))+1) | K96: =IF($H96="","",COUNTIF($H$2:$H96,"?*"))
A97: Barn - Back Rack | B97: Pallet I · L4 · line 12 | C97: EQUIP | D97: =IF('Barn - Back Rack'!P24="","",TRIM('Barn - Back Rack'!P24)) | E97: =IF($D97="","",'Barn - Back Rack'!Q24&"") | F97: =IF($D97="",0,1) -> 0 | G97: =IF($D97="","",IF(ISNUMBER(FIND("(",$D97)),TRIM(LEFT($D97,FIND("(",$D97)-1)),$D97)) | H97: =IF($D97="","",IF(ISNUMBER(FIND("(",$D97)),TRIM(SUBSTITUTE(MID($D97,FIND("(",$D97)+1,200),")","")),"")) | I97: =IF($G97="",0,IF(COUNTIF($G$2:$G97,$G97)=1,1,0)) -> 0 | J97: =IF($I97=0,"",SUMPRODUCT(($I$2:$I$1513=1)*($G$2:$G$1513<$G97))+1) | K97: =IF($H97="","",COUNTIF($H$2:$H97,"?*"))
A98: Barn - Back Rack | B98: Pallet J · L4 · line 1 | C98: EQUIP | D98: =IF('Barn - Back Rack'!R13="","",TRIM('Barn - Back Rack'!R13)) -> Bunn G9-2T | E98: =IF($D98="","",'Barn - Back Rack'!S13&"") -> G951020201 | F98: =IF($D98="",0,1) -> 1 | G98: =IF($D98="","",IF(ISNUMBER(FIND("(",$D98)),TRIM(LEFT($D98,FIND("(",$D98)-1)),$D98)) -> Bunn G9-2T | H98: =IF($D98="","",IF(ISNUMBER(FIND("(",$D98)),TRIM(SUBSTITUTE(MID($D98,FIND("(",$D98)+1,200),")","")),"")) | I98: =IF($G98="",0,IF(COUNTIF($G$2:$G98,$G98)=1,1,0)) -> 1 | J98: =IF($I98=0,"",SUMPRODUCT(($I$2:$I$1513=1)*($G$2:$G$1513<$G98))+1) -> 17 | K98: =IF($H98="","",COUNTIF($H$2:$H98,"?*"))
A99: Barn - Back Rack | B99: Pallet J · L4 · line 2 | C99: EQUIP | D99: =IF('Barn - Back Rack'!R14="","",TRIM('Barn - Back Rack'!R14)) -> Bunn G9-2T | E99: =IF($D99="","",'Barn - Back Rack'!S14&"") -> G900064646 | F99: =IF($D99="",0,1) -> 1 | G99: =IF($D99="","",IF(ISNUMBER(FIND("(",$D99)),TRIM(LEFT($D99,FIND("(",$D99)-1)),$D99)) -> Bunn G9-2T | H99: =IF($D99="","",IF(ISNUMBER(FIND("(",$D99)),TRIM(SUBSTITUTE(MID($D99,FIND("(",$D99)+1,200),")","")),"")) | I99: =IF($G99="",0,IF(COUNTIF($G$2:$G99,$G99)=1,1,0)) -> 0 | J99: =IF($I99=0,"",SUMPRODUCT(($I$2:$I$1513=1)*($G$2:$G$1513<$G99))+1) | K99: =IF($H99="","",COUNTIF($H$2:$H99,"?*"))
A100: Barn - Back Rack | B100: Pallet J · L4 · line 3 | C100: EQUIP | D100: =IF('Barn - Back Rack'!R15="","",TRIM('Barn - Back Rack'!R15)) -> Bunn G9-2T | E100: =IF($D100="","",'Barn - Back Rack'!S15&"") -> N/A | F100: =IF($D100="",0,1) -> 1 | G100: =IF($D100="","",IF(ISNUMBER(FIND("(",$D100)),TRIM(LEFT($D100,FIND("(",$D100)-1)),$D100)) -> Bunn G9-2T | H100: =IF($D100="","",IF(ISNUMBER(FIND("(",$D100)),TRIM(SUBSTITUTE(MID($D100,FIND("(",$D100)+1,200),")","")),"")) | I100: =IF($G100="",0,IF(COUNTIF($G$2:$G100,$G100)=1,1,0)) -> 0 | J100: =IF($I100=0,"",SUMPRODUCT(($I$2:$I$1513=1)*($G$2:$G$1513<$G100))+1) | K100: =IF($H100="","",COUNTIF($H$2:$H100,"?*"))
...
